-- phpMyAdmin SQL Dump
-- version phpStudy 2014
-- http://www.phpmyadmin.net
--
-- 主机: localhost
-- 生成日期: 2016 年 08 月 22 日 15:01
-- 服务器版本: 5.5.47
-- PHP 版本: 5.2.17

SET SQL_MODE="NO_AUTO_VALUE_ON_ZERO";
SET time_zone = "+00:00";


/*!40101 SET @OLD_CHARACTER_SET_CLIENT=@@CHARACTER_SET_CLIENT */;
/*!40101 SET @OLD_CHARACTER_SET_RESULTS=@@CHARACTER_SET_RESULTS */;
/*!40101 SET @OLD_COLLATION_CONNECTION=@@COLLATION_CONNECTION */;
/*!40101 SET NAMES utf8 */;

--
-- 数据库: `veep2`
--

-- --------------------------------------------------------

--
-- 表的结构 `courses`
--

CREATE TABLE IF NOT EXISTS `courses` (
  `id` int(10) unsigned NOT NULL AUTO_INCREMENT,
  `name` varchar(255) COLLATE utf8_unicode_ci NOT NULL,
  `moocurl` varchar(255) COLLATE utf8_unicode_ci NOT NULL,
  `starttime` timestamp NOT NULL DEFAULT '0000-00-00 00:00:00',
  `endtime` timestamp NOT NULL DEFAULT '0000-00-00 00:00:00',
  `userid` int(11) NOT NULL,
  `created_at` timestamp NOT NULL DEFAULT '0000-00-00 00:00:00',
  `updated_at` timestamp NOT NULL DEFAULT '0000-00-00 00:00:00',
  `coursesimg` varchar(255) COLLATE utf8_unicode_ci NOT NULL,
  `content` varchar(255) COLLATE utf8_unicode_ci NOT NULL,
  `useremail` varchar(255) COLLATE utf8_unicode_ci NOT NULL,
  `teachercontent` varchar(255) COLLATE utf8_unicode_ci NOT NULL,
  `teacherlogo` varchar(255) COLLATE utf8_unicode_ci NOT NULL,
  `code` varchar(255) COLLATE utf8_unicode_ci NOT NULL,
  `payquantity` int(11) NOT NULL,
  `moocid` int(11) NOT NULL,
  `step` int(11) NOT NULL,
  `coursesgroupid` int(11) NOT NULL,
  PRIMARY KEY (`id`)
) ENGINE=MyISAM  DEFAULT CHARSET=utf8 COLLATE=utf8_unicode_ci AUTO_INCREMENT=45 ;

--
-- 转存表中的数据 `courses`
--

INSERT INTO `courses` (`id`, `name`, `moocurl`, `starttime`, `endtime`, `userid`, `created_at`, `updated_at`, `coursesimg`, `content`, `useremail`, `teachercontent`, `teacherlogo`, `code`, `payquantity`, `moocid`, `step`, `coursesgroupid`) VALUES
(1, '', 'http://veep.chinacloudapp.cn/token.php', '0000-00-00 00:00:00', '0000-00-00 00:00:00', 1, '2016-08-16 03:40:18', '0000-00-00 00:00:00', '', '', '', '', '', '', 0, 0, 0, 0),
(5, '', 'http://veep.chinacloudapp.cn/token.php', '0000-00-00 00:00:00', '0000-00-00 00:00:00', 1, '2016-08-16 03:50:08', '0000-00-00 00:00:00', '', '', '', '', '', '', 0, 0, 0, 0),
(4, '', 'http://veep.chinacloudapp.cn/token.php', '0000-00-00 00:00:00', '0000-00-00 00:00:00', 1, '2016-08-16 03:49:06', '0000-00-00 00:00:00', '', '', '', '', '', '', 0, 0, 0, 0),
(6, '', 'http://veep.chinacloudapp.cn/token.php', '0000-00-00 00:00:00', '0000-00-00 00:00:00', 1, '2016-08-16 03:50:39', '0000-00-00 00:00:00', '', '', '', '', '', '', 0, 0, 0, 0),
(7, '', 'http://veep.chinacloudapp.cn/token.php', '0000-00-00 00:00:00', '0000-00-00 00:00:00', 1, '2016-08-16 03:51:41', '0000-00-00 00:00:00', '', '', '', '', '', '', 0, 0, 0, 0),
(8, '', 'http://veep.chinacloudapp.cn/token.php', '0000-00-00 00:00:00', '0000-00-00 00:00:00', 1, '2016-08-16 03:52:19', '0000-00-00 00:00:00', '', '', '', '', '', '', 0, 0, 0, 0),
(9, '', 'http://veep.chinacloudapp.cn/token.php', '0000-00-00 00:00:00', '0000-00-00 00:00:00', 1, '2016-08-16 03:53:27', '0000-00-00 00:00:00', '', '', '', '', '', '', 0, 0, 0, 0),
(10, '', 'http://veep.chinacloudapp.cn/token.php', '0000-00-00 00:00:00', '0000-00-00 00:00:00', 1, '2016-08-16 03:58:57', '0000-00-00 00:00:00', '', '', '', '', '', '', 0, 0, 0, 0),
(11, '', 'http://veep.chinacloudapp.cn/token.php', '0000-00-00 00:00:00', '0000-00-00 00:00:00', 1, '2016-08-16 03:59:18', '0000-00-00 00:00:00', '', '', '', '', '', '', 0, 0, 0, 0),
(12, '', 'http://veep.chinacloudapp.cn/token.php', '0000-00-00 00:00:00', '0000-00-00 00:00:00', 1, '2016-08-16 04:00:25', '0000-00-00 00:00:00', '', '', '', '', '', '', 0, 0, 0, 0),
(13, '', 'http://veep.chinacloudapp.cn/token.php', '0000-00-00 00:00:00', '0000-00-00 00:00:00', 1, '2016-08-16 04:13:37', '0000-00-00 00:00:00', '', '', '', '', '', '', 0, 0, 0, 0),
(14, '', 'http://veep.chinacloudapp.cn/token.php', '0000-00-00 00:00:00', '0000-00-00 00:00:00', 1, '2016-08-16 04:19:45', '0000-00-00 00:00:00', '', '', '', '', '', '', 0, 0, 0, 0),
(15, '', 'http://veep.chinacloudapp.cn/token.php', '0000-00-00 00:00:00', '0000-00-00 00:00:00', 1, '2016-08-16 08:46:39', '0000-00-00 00:00:00', '', '', '', '', '', '', 0, 0, 0, 0),
(16, '', 'http://veep.chinacloudapp.cn/token.php', '0000-00-00 00:00:00', '0000-00-00 00:00:00', 1, '2016-08-16 12:45:23', '0000-00-00 00:00:00', '', '', '', '', '', '', 0, 0, 0, 0),
(17, '', 'http://veep.chinacloudapp.cn/token.php', '0000-00-00 00:00:00', '0000-00-00 00:00:00', 1, '2016-08-16 12:45:37', '0000-00-00 00:00:00', '', '', '', '', '', '', 0, 0, 0, 0),
(18, '', 'http://veep.chinacloudapp.cn/token.php', '0000-00-00 00:00:00', '0000-00-00 00:00:00', 1, '2016-08-16 12:52:30', '0000-00-00 00:00:00', 'data/coursesimg/', '', '', '', '', '', 0, 0, 0, 0),
(19, '', 'http://veep.chinacloudapp.cn/token.php', '0000-00-00 00:00:00', '0000-00-00 00:00:00', 0, '2016-08-16 13:34:14', '0000-00-00 00:00:00', 'data/coursesimg/', '', '', '', '', '', 0, 0, 0, 0),
(20, '', 'http://veep.chinacloudapp.cn/token.php', '0000-00-00 00:00:00', '0000-00-00 00:00:00', 1, '2016-08-16 15:35:42', '0000-00-00 00:00:00', 'data/coursesimg/', '', '', '', '', '', 0, 0, 0, 0),
(21, '测试', 'http://veep.chinacloudapp.cn/token.php', '0000-00-00 00:00:00', '0000-00-00 00:00:00', 1, '2016-08-16 16:03:43', '0000-00-00 00:00:00', 'data/coursesimg/icon2.png', '简介', 'llzhang@hotmail.com', '', '', '524', 4, 1, 0, 0),
(22, '测试', 'http://veep.chinacloudapp.cn/token.php', '2016-08-30 16:00:00', '2016-08-22 16:00:00', 1, '2016-08-16 16:04:40', '0000-00-00 00:00:00', 'data/coursesimg/icon2.png', '简介', '邮箱', '', '', '223', 13, 1, 0, 0),
(23, '2', 'http://veep.chinacloudapp.cn/token.php', '0000-00-00 00:00:00', '0000-00-00 00:00:00', 1, '2016-08-16 16:06:09', '0000-00-00 00:00:00', 'data/coursesimg/', '', '', '', '', '', 0, 0, 0, 0),
(24, 'dsaf', 'http://veep.chinacloudapp.cn/token.php', '0000-00-00 00:00:00', '0000-00-00 00:00:00', 1, '2016-08-16 16:16:06', '0000-00-00 00:00:00', 'data/coursesimg/', '', '', '', '', '', 0, 0, 0, 0),
(25, '', 'http://veep.chinacloudapp.cn/token.php', '0000-00-00 00:00:00', '0000-00-00 00:00:00', 0, '2016-08-16 16:18:07', '0000-00-00 00:00:00', 'data/coursesimg/', '', '', '', '', '', 0, 0, 0, 0),
(26, '', 'http://veep.chinacloudapp.cn/token.php', '0000-00-00 00:00:00', '0000-00-00 00:00:00', 0, '2016-08-16 16:19:19', '0000-00-00 00:00:00', 'data/coursesimg/', '', '', '', '', '', 0, 0, 0, 0),
(27, '', 'http://veep.chinacloudapp.cn/token.php', '2016-08-25 16:00:00', '0000-00-00 00:00:00', 0, '2016-08-16 16:20:20', '0000-00-00 00:00:00', 'data/coursesimg/', '', '', '', '', '', 0, 0, 0, 0),
(28, '', 'http://veep.chinacloudapp.cn/token.php', '0000-00-00 00:00:00', '0000-00-00 00:00:00', 0, '2016-08-16 16:21:41', '0000-00-00 00:00:00', 'data/coursesimg/', '', '', '', '', '', 0, 0, 0, 0),
(29, '', 'http://veep.chinacloudapp.cn/token.php', '0000-00-00 00:00:00', '0000-00-00 00:00:00', 0, '2016-08-16 16:24:39', '0000-00-00 00:00:00', 'data/coursesimg/', '', '', '', '', '', 0, 0, 0, 0),
(30, '', 'http://veep.chinacloudapp.cn/token.php', '2016-08-10 16:00:00', '0000-00-00 00:00:00', 0, '2016-08-16 16:27:40', '0000-00-00 00:00:00', 'data/coursesimg/', '', '', '', '', '', 0, 0, 0, 0),
(31, '', 'http://veep.chinacloudapp.cn/token.php', '0000-00-00 00:00:00', '0000-00-00 00:00:00', 0, '2016-08-16 16:28:28', '0000-00-00 00:00:00', 'data/coursesimg/', '', '', '', '', '', 0, 0, 0, 0),
(32, '', 'http://veep.chinacloudapp.cn/token.php', '0000-00-00 00:00:00', '0000-00-00 00:00:00', 0, '2016-08-16 16:30:43', '0000-00-00 00:00:00', 'data/coursesimg/', '', '', '', '', '', 0, 0, 0, 0),
(33, '', 'http://veep.chinacloudapp.cn/token.php', '0000-00-00 00:00:00', '0000-00-00 00:00:00', 0, '2016-08-16 16:32:19', '0000-00-00 00:00:00', 'data/coursesimg/', '', '', '', '', '', 0, 0, 0, 0),
(34, '', 'http://veep.chinacloudapp.cn/token.php', '0000-00-00 00:00:00', '0000-00-00 00:00:00', 0, '2016-08-16 16:33:25', '0000-00-00 00:00:00', 'data/coursesimg/', '', '', '', '', '', 0, 0, 0, 0),
(35, '', 'http://veep.chinacloudapp.cn/token.php', '0000-00-00 00:00:00', '0000-00-00 00:00:00', 0, '2016-08-16 16:36:18', '0000-00-00 00:00:00', 'data/coursesimg/', '', '', '', '', '', 0, 0, 0, 0),
(36, '', 'http://veep.chinacloudapp.cn/token.php', '0000-00-00 00:00:00', '0000-00-00 00:00:00', 0, '2016-08-16 16:37:26', '0000-00-00 00:00:00', 'data/coursesimg/', '', '', '', '', '', 0, 0, 0, 0),
(37, '', 'http://veep.chinacloudapp.cn/token.php', '0000-00-00 00:00:00', '0000-00-00 00:00:00', 0, '2016-08-16 16:37:42', '0000-00-00 00:00:00', 'data/coursesimg/', '', '', '', '', '', 0, 0, 0, 0),
(38, '', 'http://veep.chinacloudapp.cn/token.php', '0000-00-00 00:00:00', '0000-00-00 00:00:00', 0, '2016-08-16 16:38:22', '0000-00-00 00:00:00', 'data/coursesimg/', '', '', '', '', '', 0, 0, 0, 0),
(39, '', 'http://veep.chinacloudapp.cn/token.php', '0000-00-00 00:00:00', '0000-00-00 00:00:00', 0, '2016-08-16 16:50:16', '0000-00-00 00:00:00', 'data/coursesimg/', '', '', '', '', '', 0, 0, 0, 0),
(40, '1', 'http://veep.chinacloudapp.cn/token.php', '2016-08-16 16:00:00', '2016-08-22 16:00:00', 1, '2016-08-17 10:24:09', '0000-00-00 00:00:00', 'data/coursesimg/icon.png', '1', '1', '', '', '5677', 222, 0, 0, 0),
(41, '3', '3', '2016-08-16 16:00:00', '2016-08-22 16:00:00', 0, '0000-00-00 00:00:00', '2016-08-18 01:14:43', 'coursesimg/', '3', '3', '', '', '43252', 3, 1, 0, 16),
(42, '', '', '0000-00-00 00:00:00', '0000-00-00 00:00:00', 1, '2016-08-18 03:40:32', '0000-00-00 00:00:00', 'data/coursesimg/', '', '', '', '', '', 0, 4, 0, 1),
(43, '1', '', '0000-00-00 00:00:00', '0000-00-00 00:00:00', 1, '2016-08-18 03:44:16', '0000-00-00 00:00:00', 'data/coursesimg/', '', '', '', '', '', 0, 4, 0, 1),
(44, '2', '', '0000-00-00 00:00:00', '0000-00-00 00:00:00', 1, '2016-08-18 04:40:33', '0000-00-00 00:00:00', 'data/coursesimg/', '', '', '', '', '', 0, 4, 0, 1);

-- --------------------------------------------------------

--
-- 表的结构 `coursescode`
--

CREATE TABLE IF NOT EXISTS `coursescode` (
  `id` int(11) NOT NULL AUTO_INCREMENT,
  `coursesid` int(11) NOT NULL,
  `code` varchar(255) NOT NULL,
  `createtime` datetime NOT NULL,
  `endtime` date NOT NULL,
  `day` int(11) NOT NULL,
  PRIMARY KEY (`id`)
) ENGINE=MyISAM  DEFAULT CHARSET=utf8 AUTO_INCREMENT=26 ;

--
-- 转存表中的数据 `coursescode`
--

INSERT INTO `coursescode` (`id`, `coursesid`, `code`, `createtime`, `endtime`, `day`) VALUES
(1, 0, '1712408-7517918-45463-61968084154', '2016-08-18 08:41:54', '2016-08-10', 5),
(2, 0, '2383108-9469618-32527-77837084230', '2016-08-18 08:42:30', '2016-08-10', 5),
(3, 0, '5401108-3738018-45744-16567084230', '2016-08-18 08:42:30', '2016-08-10', 5),
(4, 0, '4112408-5582618-36987-80276084230', '2016-08-18 08:42:30', '2016-08-10', 5),
(5, 0, '6110808-5722118-59696-63654084230', '2016-08-18 08:42:30', '2016-08-10', 5),
(6, 0, '5490108-8375318-32307-76387084230', '2016-08-18 08:42:30', '2016-08-10', 5),
(7, 0, '9843908-4261018-98258-93163084230', '2016-08-18 08:42:30', '2016-08-10', 5),
(8, 41, '3702008-2199418-13944-29437084322', '2016-08-18 08:43:22', '2016-08-19', 8),
(9, 41, '5181908-4316418-77170-64231084322', '2016-08-18 08:43:22', '2016-08-19', 8),
(10, 41, '2495708-2337818-86080-28536084322', '2016-08-18 08:43:22', '2016-08-19', 8),
(11, 41, '5487308-7232218-26611-99541084322', '2016-08-18 08:43:22', '2016-08-19', 8),
(12, 41, '1500408-7468418-19700-49432084322', '2016-08-18 08:43:22', '2016-08-19', 8),
(13, 41, '9378708-5015218-51286-55398084322', '2016-08-18 08:43:22', '2016-08-19', 8),
(14, 41, '7466008-6341218-62305-69625084322', '2016-08-18 08:43:22', '2016-08-19', 8),
(15, 41, '5606008-4415318-38696-89302084322', '2016-08-18 08:43:22', '2016-08-19', 8),
(16, 41, '9142508-5706218-11395-66615084322', '2016-08-18 08:43:22', '2016-08-19', 8),
(17, 41, '9919208-3182718-56340-88752084353', '2016-08-18 08:43:53', '2016-08-19', 8),
(18, 41, '4279908-3313418-24468-17901084353', '2016-08-18 08:43:53', '2016-08-19', 8),
(19, 41, '2068408-8067218-81718-31250084353', '2016-08-18 08:43:53', '2016-08-19', 8),
(20, 41, '8628308-5912818-79027-80985084353', '2016-08-18 08:43:53', '2016-08-19', 8),
(21, 41, '6803508-7818918-92331-74294084353', '2016-08-18 08:43:53', '2016-08-19', 8),
(22, 41, '1937608-2254318-62569-53365084353', '2016-08-18 08:43:53', '2016-08-19', 8),
(23, 41, '3874508-9187818-65678-15386084353', '2016-08-18 08:43:53', '2016-08-19', 8),
(24, 41, '8957908-8088118-42596-92543084353', '2016-08-18 08:43:53', '2016-08-19', 8),
(25, 41, '9031508-9923918-69260-12024084353', '2016-08-18 08:43:53', '2016-08-19', 8);

-- --------------------------------------------------------

--
-- 表的结构 `coursesemail`
--

CREATE TABLE IF NOT EXISTS `coursesemail` (
  `id` int(11) NOT NULL AUTO_INCREMENT,
  `coursesid` int(11) NOT NULL,
  `email` varchar(255) NOT NULL,
  PRIMARY KEY (`id`),
  UNIQUE KEY `id` (`id`)
) ENGINE=MyISAM DEFAULT CHARSET=utf8 AUTO_INCREMENT=1 ;

-- --------------------------------------------------------

--
-- 表的结构 `coursesexperiment`
--

CREATE TABLE IF NOT EXISTS `coursesexperiment` (
  `id` int(11) NOT NULL AUTO_INCREMENT,
  `starttime` datetime NOT NULL,
  `endtime` datetime NOT NULL,
  `score` int(11) NOT NULL,
  `count` int(11) NOT NULL,
  `scoringmode` varchar(255) NOT NULL,
  `timemode` varchar(255) NOT NULL,
  `islimittime` int(11) NOT NULL,
  `isshowscore` varchar(255) NOT NULL,
  `userid` int(11) NOT NULL,
  `coursesid` int(11) NOT NULL,
  `experimentsid` int(11) NOT NULL,
  `name` varchar(255) NOT NULL,
  `sort` int(11) NOT NULL,
  PRIMARY KEY (`id`)
) ENGINE=MyISAM  DEFAULT CHARSET=utf8 AUTO_INCREMENT=2151 ;

--
-- 转存表中的数据 `coursesexperiment`
--

INSERT INTO `coursesexperiment` (`id`, `starttime`, `endtime`, `score`, `count`, `scoringmode`, `timemode`, `islimittime`, `isshowscore`, `userid`, `coursesid`, `experimentsid`, `name`, `sort`) VALUES
(1, '0000-00-00 00:00:00', '0000-00-00 00:00:00', 0, 0, '0', '0', 0, '0', 0, 13, 20, '', 0),
(2, '0000-00-00 00:00:00', '0000-00-00 00:00:00', 0, 0, '0', '0', 0, '0', 0, 13, 21, '', 0),
(3, '0000-00-00 00:00:00', '0000-00-00 00:00:00', 0, 0, '0', '0', 0, '0', 0, 13, 22, '', 0),
(4, '0000-00-00 00:00:00', '0000-00-00 00:00:00', 0, 0, '0', '0', 0, '0', 0, 13, 23, '', 0),
(5, '0000-00-00 00:00:00', '0000-00-00 00:00:00', 0, 0, '0', '0', 0, '0', 0, 13, 24, '', 0),
(6, '0000-00-00 00:00:00', '0000-00-00 00:00:00', 0, 0, '0', '0', 0, '0', 0, 13, 25, '', 0),
(7, '0000-00-00 00:00:00', '0000-00-00 00:00:00', 0, 0, '0', '0', 0, '0', 0, 13, 26, '', 0),
(8, '0000-00-00 00:00:00', '0000-00-00 00:00:00', 0, 0, '0', '0', 0, '0', 0, 13, 27, '', 0),
(9, '0000-00-00 00:00:00', '0000-00-00 00:00:00', 0, 0, '0', '0', 0, '0', 0, 13, 28, '', 0),
(10, '0000-00-00 00:00:00', '0000-00-00 00:00:00', 0, 0, '0', '0', 0, '0', 0, 13, 29, '', 0),
(11, '0000-00-00 00:00:00', '0000-00-00 00:00:00', 0, 0, '0', '0', 0, '0', 0, 13, 30, '', 0),
(12, '0000-00-00 00:00:00', '0000-00-00 00:00:00', 0, 0, '0', '0', 0, '0', 0, 13, 9, '', 0),
(13, '0000-00-00 00:00:00', '0000-00-00 00:00:00', 0, 0, '0', '0', 0, '0', 0, 13, 10, '', 0),
(14, '0000-00-00 00:00:00', '0000-00-00 00:00:00', 0, 0, '0', '0', 0, '0', 0, 13, 11, '', 0),
(15, '0000-00-00 00:00:00', '0000-00-00 00:00:00', 0, 0, '0', '0', 0, '0', 0, 13, 12, '', 0),
(16, '0000-00-00 00:00:00', '0000-00-00 00:00:00', 0, 0, '0', '0', 0, '0', 0, 13, 13, '', 0),
(17, '0000-00-00 00:00:00', '0000-00-00 00:00:00', 0, 0, '0', '0', 0, '0', 0, 13, 14, '', 0),
(18, '0000-00-00 00:00:00', '0000-00-00 00:00:00', 0, 0, '0', '0', 0, '0', 0, 13, 15, '', 0),
(19, '0000-00-00 00:00:00', '0000-00-00 00:00:00', 0, 0, '0', '0', 0, '0', 0, 13, 16, '', 0),
(20, '0000-00-00 00:00:00', '0000-00-00 00:00:00', 0, 0, '0', '0', 0, '0', 0, 13, 17, '', 0),
(21, '0000-00-00 00:00:00', '0000-00-00 00:00:00', 0, 0, '0', '0', 0, '0', 0, 13, 18, '', 0),
(22, '0000-00-00 00:00:00', '0000-00-00 00:00:00', 0, 0, '0', '0', 0, '0', 0, 13, 19, '', 0),
(23, '0000-00-00 00:00:00', '0000-00-00 00:00:00', 0, 0, '0', '0', 0, '0', 0, 13, 20, '', 0),
(24, '0000-00-00 00:00:00', '0000-00-00 00:00:00', 0, 0, '0', '0', 0, '0', 0, 13, 21, '', 0),
(25, '0000-00-00 00:00:00', '0000-00-00 00:00:00', 0, 0, '0', '0', 0, '0', 0, 13, 22, '', 0),
(26, '0000-00-00 00:00:00', '0000-00-00 00:00:00', 0, 0, '0', '0', 0, '0', 0, 13, 23, '', 0),
(27, '0000-00-00 00:00:00', '0000-00-00 00:00:00', 0, 0, '0', '0', 0, '0', 0, 13, 24, '', 0),
(28, '0000-00-00 00:00:00', '0000-00-00 00:00:00', 0, 0, '0', '0', 0, '0', 0, 13, 25, '', 0),
(29, '0000-00-00 00:00:00', '0000-00-00 00:00:00', 0, 0, '0', '0', 0, '0', 0, 13, 26, '', 0),
(30, '0000-00-00 00:00:00', '0000-00-00 00:00:00', 0, 0, '0', '0', 0, '0', 0, 13, 27, '', 0),
(31, '0000-00-00 00:00:00', '0000-00-00 00:00:00', 0, 0, '0', '0', 0, '0', 0, 13, 28, '', 0),
(32, '0000-00-00 00:00:00', '0000-00-00 00:00:00', 0, 0, '0', '0', 0, '0', 0, 13, 29, '', 0),
(33, '0000-00-00 00:00:00', '0000-00-00 00:00:00', 0, 0, '0', '0', 0, '0', 0, 13, 30, '', 0),
(34, '0000-00-00 00:00:00', '0000-00-00 00:00:00', 0, 0, '0', '0', 0, '0', 0, 13, 9, '', 0),
(35, '0000-00-00 00:00:00', '0000-00-00 00:00:00', 0, 0, '0', '0', 0, '0', 0, 13, 10, '', 0),
(36, '0000-00-00 00:00:00', '0000-00-00 00:00:00', 0, 0, '0', '0', 0, '0', 0, 13, 11, '', 0),
(37, '0000-00-00 00:00:00', '0000-00-00 00:00:00', 0, 0, '0', '0', 0, '0', 0, 13, 12, '', 0),
(38, '0000-00-00 00:00:00', '0000-00-00 00:00:00', 0, 0, '0', '0', 0, '0', 0, 13, 13, '', 0),
(39, '0000-00-00 00:00:00', '0000-00-00 00:00:00', 0, 0, '0', '0', 0, '0', 0, 13, 14, '', 0),
(40, '0000-00-00 00:00:00', '0000-00-00 00:00:00', 0, 0, '0', '0', 0, '0', 0, 13, 15, '', 0),
(41, '0000-00-00 00:00:00', '0000-00-00 00:00:00', 0, 0, '0', '0', 0, '0', 0, 13, 16, '', 0),
(42, '0000-00-00 00:00:00', '0000-00-00 00:00:00', 0, 0, '0', '0', 0, '0', 0, 13, 17, '', 0),
(43, '0000-00-00 00:00:00', '0000-00-00 00:00:00', 0, 0, '0', '0', 0, '0', 0, 13, 18, '', 0),
(44, '0000-00-00 00:00:00', '0000-00-00 00:00:00', 0, 0, '0', '0', 0, '0', 0, 13, 19, '', 0),
(45, '0000-00-00 00:00:00', '0000-00-00 00:00:00', 0, 0, '0', '0', 0, '0', 0, 14, 20, '', 0),
(46, '0000-00-00 00:00:00', '0000-00-00 00:00:00', 0, 0, '0', '0', 0, '0', 0, 14, 21, '', 0),
(47, '0000-00-00 00:00:00', '0000-00-00 00:00:00', 0, 0, '0', '0', 0, '0', 0, 14, 22, '', 0),
(48, '0000-00-00 00:00:00', '0000-00-00 00:00:00', 0, 0, '0', '0', 0, '0', 0, 14, 23, '', 0),
(49, '0000-00-00 00:00:00', '0000-00-00 00:00:00', 0, 0, '0', '0', 0, '0', 0, 14, 24, '', 0),
(50, '0000-00-00 00:00:00', '0000-00-00 00:00:00', 0, 0, '0', '0', 0, '0', 0, 14, 25, '', 0),
(51, '0000-00-00 00:00:00', '0000-00-00 00:00:00', 0, 0, '0', '0', 0, '0', 0, 14, 26, '', 0),
(52, '0000-00-00 00:00:00', '0000-00-00 00:00:00', 0, 0, '0', '0', 0, '0', 0, 14, 27, '', 0),
(53, '0000-00-00 00:00:00', '0000-00-00 00:00:00', 0, 0, '0', '0', 0, '0', 0, 14, 28, '', 0),
(54, '0000-00-00 00:00:00', '0000-00-00 00:00:00', 0, 0, '0', '0', 0, '0', 0, 14, 29, '', 0),
(55, '0000-00-00 00:00:00', '0000-00-00 00:00:00', 0, 0, '0', '0', 0, '0', 0, 14, 30, '', 0),
(56, '0000-00-00 00:00:00', '0000-00-00 00:00:00', 0, 0, '0', '0', 0, '0', 0, 14, 9, '', 0),
(57, '0000-00-00 00:00:00', '0000-00-00 00:00:00', 0, 0, '0', '0', 0, '0', 0, 14, 10, '', 0),
(58, '0000-00-00 00:00:00', '0000-00-00 00:00:00', 0, 0, '0', '0', 0, '0', 0, 14, 11, '', 0),
(59, '0000-00-00 00:00:00', '0000-00-00 00:00:00', 0, 0, '0', '0', 0, '0', 0, 14, 12, '', 0),
(60, '0000-00-00 00:00:00', '0000-00-00 00:00:00', 0, 0, '0', '0', 0, '0', 0, 14, 13, '', 0),
(61, '0000-00-00 00:00:00', '0000-00-00 00:00:00', 0, 0, '0', '0', 0, '0', 0, 14, 14, '', 0),
(62, '0000-00-00 00:00:00', '0000-00-00 00:00:00', 0, 0, '0', '0', 0, '0', 0, 14, 15, '', 0),
(63, '0000-00-00 00:00:00', '0000-00-00 00:00:00', 0, 0, '0', '0', 0, '0', 0, 14, 16, '', 0),
(64, '0000-00-00 00:00:00', '0000-00-00 00:00:00', 0, 0, '0', '0', 0, '0', 0, 14, 17, '', 0),
(65, '0000-00-00 00:00:00', '0000-00-00 00:00:00', 0, 0, '0', '0', 0, '0', 0, 14, 18, '', 0),
(66, '0000-00-00 00:00:00', '0000-00-00 00:00:00', 0, 0, '0', '0', 0, '0', 0, 14, 19, '', 0),
(67, '0000-00-00 00:00:00', '0000-00-00 00:00:00', 0, 0, '0', '0', 0, '0', 0, 14, 20, '', 0),
(68, '0000-00-00 00:00:00', '0000-00-00 00:00:00', 0, 0, '0', '0', 0, '0', 0, 14, 21, '', 0),
(69, '0000-00-00 00:00:00', '0000-00-00 00:00:00', 0, 0, '0', '0', 0, '0', 0, 14, 22, '', 0),
(70, '0000-00-00 00:00:00', '0000-00-00 00:00:00', 0, 0, '0', '0', 0, '0', 0, 14, 23, '', 0),
(71, '0000-00-00 00:00:00', '0000-00-00 00:00:00', 0, 0, '0', '0', 0, '0', 0, 14, 24, '', 0),
(72, '0000-00-00 00:00:00', '0000-00-00 00:00:00', 0, 0, '0', '0', 0, '0', 0, 14, 25, '', 0),
(73, '0000-00-00 00:00:00', '0000-00-00 00:00:00', 0, 0, '0', '0', 0, '0', 0, 14, 26, '', 0),
(74, '0000-00-00 00:00:00', '0000-00-00 00:00:00', 0, 0, '0', '0', 0, '0', 0, 14, 27, '', 0),
(75, '0000-00-00 00:00:00', '0000-00-00 00:00:00', 0, 0, '0', '0', 0, '0', 0, 14, 28, '', 0),
(76, '0000-00-00 00:00:00', '0000-00-00 00:00:00', 0, 0, '0', '0', 0, '0', 0, 14, 29, '', 0),
(77, '0000-00-00 00:00:00', '0000-00-00 00:00:00', 0, 0, '0', '0', 0, '0', 0, 14, 30, '', 0),
(78, '0000-00-00 00:00:00', '0000-00-00 00:00:00', 0, 0, '0', '0', 0, '0', 0, 14, 9, '', 0),
(79, '0000-00-00 00:00:00', '0000-00-00 00:00:00', 0, 0, '0', '0', 0, '0', 0, 14, 10, '', 0),
(80, '0000-00-00 00:00:00', '0000-00-00 00:00:00', 0, 0, '0', '0', 0, '0', 0, 14, 11, '', 0),
(81, '0000-00-00 00:00:00', '0000-00-00 00:00:00', 0, 0, '0', '0', 0, '0', 0, 14, 12, '', 0),
(82, '0000-00-00 00:00:00', '0000-00-00 00:00:00', 0, 0, '0', '0', 0, '0', 0, 14, 13, '', 0),
(83, '0000-00-00 00:00:00', '0000-00-00 00:00:00', 0, 0, '0', '0', 0, '0', 0, 14, 14, '', 0),
(84, '0000-00-00 00:00:00', '0000-00-00 00:00:00', 0, 0, '0', '0', 0, '0', 0, 14, 15, '', 0),
(85, '0000-00-00 00:00:00', '0000-00-00 00:00:00', 0, 0, '0', '0', 0, '0', 0, 14, 16, '', 0),
(86, '0000-00-00 00:00:00', '0000-00-00 00:00:00', 0, 0, '0', '0', 0, '0', 0, 14, 17, '', 0),
(87, '0000-00-00 00:00:00', '0000-00-00 00:00:00', 0, 0, '0', '0', 0, '0', 0, 14, 18, '', 0),
(88, '0000-00-00 00:00:00', '0000-00-00 00:00:00', 0, 0, '0', '0', 0, '0', 0, 14, 19, '', 0),
(89, '0000-00-00 00:00:00', '0000-00-00 00:00:00', 0, 0, '0', '0', 0, '0', 0, 14, 20, '', 0),
(90, '0000-00-00 00:00:00', '0000-00-00 00:00:00', 0, 0, '0', '0', 0, '0', 0, 14, 21, '', 0),
(91, '0000-00-00 00:00:00', '0000-00-00 00:00:00', 0, 0, '0', '0', 0, '0', 0, 14, 22, '', 0),
(92, '0000-00-00 00:00:00', '0000-00-00 00:00:00', 0, 0, '0', '0', 0, '0', 0, 14, 23, '', 0),
(93, '0000-00-00 00:00:00', '0000-00-00 00:00:00', 0, 0, '0', '0', 0, '0', 0, 14, 24, '', 0),
(94, '0000-00-00 00:00:00', '0000-00-00 00:00:00', 0, 0, '0', '0', 0, '0', 0, 14, 25, '', 0),
(95, '0000-00-00 00:00:00', '0000-00-00 00:00:00', 0, 0, '0', '0', 0, '0', 0, 14, 26, '', 0),
(96, '0000-00-00 00:00:00', '0000-00-00 00:00:00', 0, 0, '0', '0', 0, '0', 0, 14, 27, '', 0),
(97, '0000-00-00 00:00:00', '0000-00-00 00:00:00', 0, 0, '0', '0', 0, '0', 0, 14, 28, '', 0),
(98, '0000-00-00 00:00:00', '0000-00-00 00:00:00', 0, 0, '0', '0', 0, '0', 0, 14, 29, '', 0),
(99, '0000-00-00 00:00:00', '0000-00-00 00:00:00', 0, 0, '0', '0', 0, '0', 0, 14, 30, '', 0),
(100, '0000-00-00 00:00:00', '0000-00-00 00:00:00', 0, 0, '0', '0', 0, '0', 0, 14, 9, '', 0),
(101, '0000-00-00 00:00:00', '0000-00-00 00:00:00', 0, 0, '0', '0', 0, '0', 0, 14, 10, '', 0),
(102, '0000-00-00 00:00:00', '0000-00-00 00:00:00', 0, 0, '0', '0', 0, '0', 0, 14, 11, '', 0),
(103, '0000-00-00 00:00:00', '0000-00-00 00:00:00', 0, 0, '0', '0', 0, '0', 0, 14, 12, '', 0),
(104, '0000-00-00 00:00:00', '0000-00-00 00:00:00', 0, 0, '0', '0', 0, '0', 0, 14, 13, '', 0),
(105, '0000-00-00 00:00:00', '0000-00-00 00:00:00', 0, 0, '0', '0', 0, '0', 0, 14, 14, '', 0),
(106, '0000-00-00 00:00:00', '0000-00-00 00:00:00', 0, 0, '0', '0', 0, '0', 0, 14, 15, '', 0),
(107, '0000-00-00 00:00:00', '0000-00-00 00:00:00', 0, 0, '0', '0', 0, '0', 0, 14, 16, '', 0),
(108, '0000-00-00 00:00:00', '0000-00-00 00:00:00', 0, 0, '0', '0', 0, '0', 0, 14, 17, '', 0),
(109, '0000-00-00 00:00:00', '0000-00-00 00:00:00', 0, 0, '0', '0', 0, '0', 0, 14, 18, '', 0),
(110, '0000-00-00 00:00:00', '0000-00-00 00:00:00', 0, 0, '0', '0', 0, '0', 0, 14, 19, '', 0),
(111, '0000-00-00 00:00:00', '0000-00-00 00:00:00', 0, 0, '0', '0', 0, '0', 0, 14, 20, '', 0),
(112, '0000-00-00 00:00:00', '0000-00-00 00:00:00', 0, 0, '0', '0', 0, '0', 0, 14, 21, '', 0),
(113, '0000-00-00 00:00:00', '0000-00-00 00:00:00', 0, 0, '0', '0', 0, '0', 0, 14, 22, '', 0),
(114, '0000-00-00 00:00:00', '0000-00-00 00:00:00', 0, 0, '0', '0', 0, '0', 0, 14, 23, '', 0),
(115, '0000-00-00 00:00:00', '0000-00-00 00:00:00', 0, 0, '0', '0', 0, '0', 0, 14, 24, '', 0),
(116, '0000-00-00 00:00:00', '0000-00-00 00:00:00', 0, 0, '0', '0', 0, '0', 0, 14, 25, '', 0),
(117, '0000-00-00 00:00:00', '0000-00-00 00:00:00', 0, 0, '0', '0', 0, '0', 0, 14, 26, '', 0),
(118, '0000-00-00 00:00:00', '0000-00-00 00:00:00', 0, 0, '0', '0', 0, '0', 0, 14, 27, '', 0),
(119, '0000-00-00 00:00:00', '0000-00-00 00:00:00', 0, 0, '0', '0', 0, '0', 0, 14, 28, '', 0),
(120, '0000-00-00 00:00:00', '0000-00-00 00:00:00', 0, 0, '0', '0', 0, '0', 0, 14, 29, '', 0),
(121, '0000-00-00 00:00:00', '0000-00-00 00:00:00', 0, 0, '0', '0', 0, '0', 0, 14, 30, '', 0),
(122, '0000-00-00 00:00:00', '0000-00-00 00:00:00', 0, 0, '0', '0', 0, '0', 0, 14, 9, '', 0),
(123, '0000-00-00 00:00:00', '0000-00-00 00:00:00', 0, 0, '0', '0', 0, '0', 0, 14, 10, '', 0),
(124, '0000-00-00 00:00:00', '0000-00-00 00:00:00', 0, 0, '0', '0', 0, '0', 0, 14, 11, '', 0),
(125, '0000-00-00 00:00:00', '0000-00-00 00:00:00', 0, 0, '0', '0', 0, '0', 0, 14, 12, '', 0),
(126, '0000-00-00 00:00:00', '0000-00-00 00:00:00', 0, 0, '0', '0', 0, '0', 0, 14, 13, '', 0),
(127, '0000-00-00 00:00:00', '0000-00-00 00:00:00', 0, 0, '0', '0', 0, '0', 0, 14, 14, '', 0),
(128, '0000-00-00 00:00:00', '0000-00-00 00:00:00', 0, 0, '0', '0', 0, '0', 0, 14, 15, '', 0),
(129, '0000-00-00 00:00:00', '0000-00-00 00:00:00', 0, 0, '0', '0', 0, '0', 0, 14, 16, '', 0),
(130, '0000-00-00 00:00:00', '0000-00-00 00:00:00', 0, 0, '0', '0', 0, '0', 0, 14, 17, '', 0),
(131, '0000-00-00 00:00:00', '0000-00-00 00:00:00', 0, 0, '0', '0', 0, '0', 0, 14, 18, '', 0),
(132, '0000-00-00 00:00:00', '0000-00-00 00:00:00', 0, 0, '0', '0', 0, '0', 0, 14, 19, '', 0),
(133, '0000-00-00 00:00:00', '0000-00-00 00:00:00', 0, 0, '0', '0', 0, '0', 0, 14, 20, '', 0),
(134, '0000-00-00 00:00:00', '0000-00-00 00:00:00', 0, 0, '0', '0', 0, '0', 0, 14, 21, '', 0),
(135, '0000-00-00 00:00:00', '0000-00-00 00:00:00', 0, 0, '0', '0', 0, '0', 0, 14, 22, '', 0),
(136, '0000-00-00 00:00:00', '0000-00-00 00:00:00', 0, 0, '0', '0', 0, '0', 0, 14, 23, '', 0),
(137, '0000-00-00 00:00:00', '0000-00-00 00:00:00', 0, 0, '0', '0', 0, '0', 0, 14, 24, '', 0),
(138, '0000-00-00 00:00:00', '0000-00-00 00:00:00', 0, 0, '0', '0', 0, '0', 0, 14, 25, '', 0),
(139, '0000-00-00 00:00:00', '0000-00-00 00:00:00', 0, 0, '0', '0', 0, '0', 0, 14, 26, '', 0),
(140, '0000-00-00 00:00:00', '0000-00-00 00:00:00', 0, 0, '0', '0', 0, '0', 0, 14, 27, '', 0),
(141, '0000-00-00 00:00:00', '0000-00-00 00:00:00', 0, 0, '0', '0', 0, '0', 0, 14, 28, '', 0),
(142, '0000-00-00 00:00:00', '0000-00-00 00:00:00', 0, 0, '0', '0', 0, '0', 0, 14, 29, '', 0),
(143, '0000-00-00 00:00:00', '0000-00-00 00:00:00', 0, 0, '0', '0', 0, '0', 0, 14, 30, '', 0),
(144, '0000-00-00 00:00:00', '0000-00-00 00:00:00', 0, 0, '0', '0', 0, '0', 0, 14, 9, '', 0),
(145, '0000-00-00 00:00:00', '0000-00-00 00:00:00', 0, 0, '0', '0', 0, '0', 0, 14, 10, '', 0),
(146, '0000-00-00 00:00:00', '0000-00-00 00:00:00', 0, 0, '0', '0', 0, '0', 0, 14, 11, '', 0),
(147, '0000-00-00 00:00:00', '0000-00-00 00:00:00', 0, 0, '0', '0', 0, '0', 0, 14, 12, '', 0),
(148, '0000-00-00 00:00:00', '0000-00-00 00:00:00', 0, 0, '0', '0', 0, '0', 0, 14, 13, '', 0),
(149, '0000-00-00 00:00:00', '0000-00-00 00:00:00', 0, 0, '0', '0', 0, '0', 0, 14, 14, '', 0),
(150, '0000-00-00 00:00:00', '0000-00-00 00:00:00', 0, 0, '0', '0', 0, '0', 0, 14, 15, '', 0),
(151, '0000-00-00 00:00:00', '0000-00-00 00:00:00', 0, 0, '0', '0', 0, '0', 0, 14, 16, '', 0),
(152, '0000-00-00 00:00:00', '0000-00-00 00:00:00', 0, 0, '0', '0', 0, '0', 0, 14, 17, '', 0),
(153, '0000-00-00 00:00:00', '0000-00-00 00:00:00', 0, 0, '0', '0', 0, '0', 0, 14, 18, '', 0),
(154, '0000-00-00 00:00:00', '0000-00-00 00:00:00', 0, 0, '0', '0', 0, '0', 0, 14, 19, '', 0),
(155, '0000-00-00 00:00:00', '0000-00-00 00:00:00', 0, 0, '0', '0', 0, '0', 0, 14, 20, '', 0),
(156, '0000-00-00 00:00:00', '0000-00-00 00:00:00', 0, 0, '0', '0', 0, '0', 0, 14, 21, '', 0),
(157, '0000-00-00 00:00:00', '0000-00-00 00:00:00', 0, 0, '0', '0', 0, '0', 0, 14, 22, '', 0),
(158, '0000-00-00 00:00:00', '0000-00-00 00:00:00', 0, 0, '0', '0', 0, '0', 0, 14, 23, '', 0),
(159, '0000-00-00 00:00:00', '0000-00-00 00:00:00', 0, 0, '0', '0', 0, '0', 0, 14, 24, '', 0),
(160, '0000-00-00 00:00:00', '0000-00-00 00:00:00', 0, 0, '0', '0', 0, '0', 0, 14, 25, '', 0),
(161, '0000-00-00 00:00:00', '0000-00-00 00:00:00', 0, 0, '0', '0', 0, '0', 0, 14, 26, '', 0),
(162, '0000-00-00 00:00:00', '0000-00-00 00:00:00', 0, 0, '0', '0', 0, '0', 0, 14, 27, '', 0),
(163, '0000-00-00 00:00:00', '0000-00-00 00:00:00', 0, 0, '0', '0', 0, '0', 0, 14, 28, '', 0),
(164, '0000-00-00 00:00:00', '0000-00-00 00:00:00', 0, 0, '0', '0', 0, '0', 0, 14, 29, '', 0),
(165, '0000-00-00 00:00:00', '0000-00-00 00:00:00', 0, 0, '0', '0', 0, '0', 0, 14, 30, '', 0),
(166, '0000-00-00 00:00:00', '0000-00-00 00:00:00', 0, 0, '0', '0', 0, '0', 0, 14, 9, '', 0),
(167, '0000-00-00 00:00:00', '0000-00-00 00:00:00', 0, 0, '0', '0', 0, '0', 0, 14, 10, '', 0),
(168, '0000-00-00 00:00:00', '0000-00-00 00:00:00', 0, 0, '0', '0', 0, '0', 0, 14, 11, '', 0),
(169, '0000-00-00 00:00:00', '0000-00-00 00:00:00', 0, 0, '0', '0', 0, '0', 0, 14, 12, '', 0),
(170, '0000-00-00 00:00:00', '0000-00-00 00:00:00', 0, 0, '0', '0', 0, '0', 0, 14, 13, '', 0),
(171, '0000-00-00 00:00:00', '0000-00-00 00:00:00', 0, 0, '0', '0', 0, '0', 0, 14, 14, '', 0),
(172, '0000-00-00 00:00:00', '0000-00-00 00:00:00', 0, 0, '0', '0', 0, '0', 0, 14, 15, '', 0),
(173, '0000-00-00 00:00:00', '0000-00-00 00:00:00', 0, 0, '0', '0', 0, '0', 0, 14, 16, '', 0),
(174, '0000-00-00 00:00:00', '0000-00-00 00:00:00', 0, 0, '0', '0', 0, '0', 0, 14, 17, '', 0),
(175, '0000-00-00 00:00:00', '0000-00-00 00:00:00', 0, 0, '0', '0', 0, '0', 0, 14, 18, '', 0),
(176, '0000-00-00 00:00:00', '0000-00-00 00:00:00', 0, 0, '0', '0', 0, '0', 0, 14, 19, '', 0),
(177, '0000-00-00 00:00:00', '0000-00-00 00:00:00', 0, 0, '0', '0', 0, '0', 0, 14, 20, '', 0),
(178, '0000-00-00 00:00:00', '0000-00-00 00:00:00', 0, 0, '0', '0', 0, '0', 0, 14, 21, '', 0),
(179, '0000-00-00 00:00:00', '0000-00-00 00:00:00', 0, 0, '0', '0', 0, '0', 0, 14, 22, '', 0),
(180, '0000-00-00 00:00:00', '0000-00-00 00:00:00', 0, 0, '0', '0', 0, '0', 0, 14, 23, '', 0),
(181, '0000-00-00 00:00:00', '0000-00-00 00:00:00', 0, 0, '0', '0', 0, '0', 0, 14, 24, '', 0),
(182, '0000-00-00 00:00:00', '0000-00-00 00:00:00', 0, 0, '0', '0', 0, '0', 0, 14, 25, '', 0),
(183, '0000-00-00 00:00:00', '0000-00-00 00:00:00', 0, 0, '0', '0', 0, '0', 0, 14, 26, '', 0),
(184, '0000-00-00 00:00:00', '0000-00-00 00:00:00', 0, 0, '0', '0', 0, '0', 0, 14, 27, '', 0),
(185, '0000-00-00 00:00:00', '0000-00-00 00:00:00', 0, 0, '0', '0', 0, '0', 0, 14, 28, '', 0),
(186, '0000-00-00 00:00:00', '0000-00-00 00:00:00', 0, 0, '0', '0', 0, '0', 0, 14, 29, '', 0),
(187, '0000-00-00 00:00:00', '0000-00-00 00:00:00', 0, 0, '0', '0', 0, '0', 0, 14, 30, '', 0),
(188, '0000-00-00 00:00:00', '0000-00-00 00:00:00', 0, 0, '0', '0', 0, '0', 0, 14, 9, '', 0),
(189, '0000-00-00 00:00:00', '0000-00-00 00:00:00', 0, 0, '0', '0', 0, '0', 0, 14, 10, '', 0),
(190, '0000-00-00 00:00:00', '0000-00-00 00:00:00', 0, 0, '0', '0', 0, '0', 0, 14, 11, '', 0),
(191, '0000-00-00 00:00:00', '0000-00-00 00:00:00', 0, 0, '0', '0', 0, '0', 0, 14, 12, '', 0),
(192, '0000-00-00 00:00:00', '0000-00-00 00:00:00', 0, 0, '0', '0', 0, '0', 0, 14, 13, '', 0),
(193, '0000-00-00 00:00:00', '0000-00-00 00:00:00', 0, 0, '0', '0', 0, '0', 0, 14, 14, '', 0),
(194, '0000-00-00 00:00:00', '0000-00-00 00:00:00', 0, 0, '0', '0', 0, '0', 0, 14, 15, '', 0),
(195, '0000-00-00 00:00:00', '0000-00-00 00:00:00', 0, 0, '0', '0', 0, '0', 0, 14, 16, '', 0),
(196, '0000-00-00 00:00:00', '0000-00-00 00:00:00', 0, 0, '0', '0', 0, '0', 0, 14, 17, '', 0),
(197, '0000-00-00 00:00:00', '0000-00-00 00:00:00', 0, 0, '0', '0', 0, '0', 0, 14, 18, '', 0),
(198, '0000-00-00 00:00:00', '0000-00-00 00:00:00', 0, 0, '0', '0', 0, '0', 0, 14, 19, '', 0),
(199, '0000-00-00 00:00:00', '0000-00-00 00:00:00', 0, 0, '0', '0', 0, '0', 0, 14, 20, '', 0),
(200, '0000-00-00 00:00:00', '0000-00-00 00:00:00', 0, 0, '0', '0', 0, '0', 0, 14, 21, '', 0),
(201, '0000-00-00 00:00:00', '0000-00-00 00:00:00', 0, 0, '0', '0', 0, '0', 0, 14, 22, '', 0),
(202, '0000-00-00 00:00:00', '0000-00-00 00:00:00', 0, 0, '0', '0', 0, '0', 0, 14, 23, '', 0),
(203, '0000-00-00 00:00:00', '0000-00-00 00:00:00', 0, 0, '0', '0', 0, '0', 0, 14, 24, '', 0),
(204, '0000-00-00 00:00:00', '0000-00-00 00:00:00', 0, 0, '0', '0', 0, '0', 0, 14, 25, '', 0),
(205, '0000-00-00 00:00:00', '0000-00-00 00:00:00', 0, 0, '0', '0', 0, '0', 0, 14, 26, '', 0),
(206, '0000-00-00 00:00:00', '0000-00-00 00:00:00', 0, 0, '0', '0', 0, '0', 0, 14, 27, '', 0),
(207, '0000-00-00 00:00:00', '0000-00-00 00:00:00', 0, 0, '0', '0', 0, '0', 0, 14, 28, '', 0),
(208, '0000-00-00 00:00:00', '0000-00-00 00:00:00', 0, 0, '0', '0', 0, '0', 0, 14, 29, '', 0),
(209, '0000-00-00 00:00:00', '0000-00-00 00:00:00', 0, 0, '0', '0', 0, '0', 0, 14, 30, '', 0),
(210, '0000-00-00 00:00:00', '0000-00-00 00:00:00', 0, 0, '0', '0', 0, '0', 0, 14, 9, '', 0),
(211, '0000-00-00 00:00:00', '0000-00-00 00:00:00', 0, 0, '0', '0', 0, '0', 0, 14, 10, '', 0),
(212, '0000-00-00 00:00:00', '0000-00-00 00:00:00', 0, 0, '0', '0', 0, '0', 0, 14, 11, '', 0),
(213, '0000-00-00 00:00:00', '0000-00-00 00:00:00', 0, 0, '0', '0', 0, '0', 0, 14, 12, '', 0),
(214, '0000-00-00 00:00:00', '0000-00-00 00:00:00', 0, 0, '0', '0', 0, '0', 0, 14, 13, '', 0),
(215, '0000-00-00 00:00:00', '0000-00-00 00:00:00', 0, 0, '0', '0', 0, '0', 0, 14, 14, '', 0),
(216, '0000-00-00 00:00:00', '0000-00-00 00:00:00', 0, 0, '0', '0', 0, '0', 0, 14, 15, '', 0),
(217, '0000-00-00 00:00:00', '0000-00-00 00:00:00', 0, 0, '0', '0', 0, '0', 0, 14, 16, '', 0),
(218, '0000-00-00 00:00:00', '0000-00-00 00:00:00', 0, 0, '0', '0', 0, '0', 0, 14, 17, '', 0),
(219, '0000-00-00 00:00:00', '0000-00-00 00:00:00', 0, 0, '0', '0', 0, '0', 0, 14, 18, '', 0),
(220, '0000-00-00 00:00:00', '0000-00-00 00:00:00', 0, 0, '0', '0', 0, '0', 0, 14, 19, '', 0),
(221, '0000-00-00 00:00:00', '0000-00-00 00:00:00', 0, 0, '0', '0', 0, '0', 0, 14, 20, '', 0),
(222, '0000-00-00 00:00:00', '0000-00-00 00:00:00', 0, 0, '0', '0', 0, '0', 0, 14, 21, '', 0),
(223, '0000-00-00 00:00:00', '0000-00-00 00:00:00', 0, 0, '0', '0', 0, '0', 0, 14, 22, '', 0),
(224, '0000-00-00 00:00:00', '0000-00-00 00:00:00', 0, 0, '0', '0', 0, '0', 0, 14, 23, '', 0),
(225, '0000-00-00 00:00:00', '0000-00-00 00:00:00', 0, 0, '0', '0', 0, '0', 0, 14, 24, '', 0),
(226, '0000-00-00 00:00:00', '0000-00-00 00:00:00', 0, 0, '0', '0', 0, '0', 0, 14, 25, '', 0),
(227, '0000-00-00 00:00:00', '0000-00-00 00:00:00', 0, 0, '0', '0', 0, '0', 0, 14, 26, '', 0),
(228, '0000-00-00 00:00:00', '0000-00-00 00:00:00', 0, 0, '0', '0', 0, '0', 0, 14, 27, '', 0),
(229, '0000-00-00 00:00:00', '0000-00-00 00:00:00', 0, 0, '0', '0', 0, '0', 0, 14, 28, '', 0),
(230, '0000-00-00 00:00:00', '0000-00-00 00:00:00', 0, 0, '0', '0', 0, '0', 0, 14, 29, '', 0),
(231, '0000-00-00 00:00:00', '0000-00-00 00:00:00', 0, 0, '0', '0', 0, '0', 0, 14, 30, '', 0),
(232, '0000-00-00 00:00:00', '0000-00-00 00:00:00', 0, 0, '0', '0', 0, '0', 0, 14, 9, '', 0),
(233, '0000-00-00 00:00:00', '0000-00-00 00:00:00', 0, 0, '0', '0', 0, '0', 0, 14, 10, '', 0),
(234, '0000-00-00 00:00:00', '0000-00-00 00:00:00', 0, 0, '0', '0', 0, '0', 0, 14, 11, '', 0),
(235, '0000-00-00 00:00:00', '0000-00-00 00:00:00', 0, 0, '0', '0', 0, '0', 0, 14, 12, '', 0),
(236, '0000-00-00 00:00:00', '0000-00-00 00:00:00', 0, 0, '0', '0', 0, '0', 0, 14, 13, '', 0),
(237, '0000-00-00 00:00:00', '0000-00-00 00:00:00', 0, 0, '0', '0', 0, '0', 0, 14, 14, '', 0),
(238, '0000-00-00 00:00:00', '0000-00-00 00:00:00', 0, 0, '0', '0', 0, '0', 0, 14, 15, '', 0),
(239, '0000-00-00 00:00:00', '0000-00-00 00:00:00', 0, 0, '0', '0', 0, '0', 0, 14, 16, '', 0),
(240, '0000-00-00 00:00:00', '0000-00-00 00:00:00', 0, 0, '0', '0', 0, '0', 0, 14, 17, '', 0),
(241, '0000-00-00 00:00:00', '0000-00-00 00:00:00', 0, 0, '0', '0', 0, '0', 0, 14, 18, '', 0),
(242, '0000-00-00 00:00:00', '0000-00-00 00:00:00', 0, 0, '0', '0', 0, '0', 0, 14, 19, '', 0),
(243, '0000-00-00 00:00:00', '0000-00-00 00:00:00', 0, 0, '0', '0', 0, '0', 0, 14, 20, '', 0),
(244, '0000-00-00 00:00:00', '0000-00-00 00:00:00', 0, 0, '0', '0', 0, '0', 0, 14, 21, '', 0),
(245, '0000-00-00 00:00:00', '0000-00-00 00:00:00', 0, 0, '0', '0', 0, '0', 0, 14, 22, '', 0),
(246, '0000-00-00 00:00:00', '0000-00-00 00:00:00', 0, 0, '0', '0', 0, '0', 0, 14, 23, '', 0),
(247, '0000-00-00 00:00:00', '0000-00-00 00:00:00', 0, 0, '0', '0', 0, '0', 0, 14, 24, '', 0),
(248, '0000-00-00 00:00:00', '0000-00-00 00:00:00', 0, 0, '0', '0', 0, '0', 0, 14, 25, '', 0),
(249, '0000-00-00 00:00:00', '0000-00-00 00:00:00', 0, 0, '0', '0', 0, '0', 0, 14, 26, '', 0),
(250, '0000-00-00 00:00:00', '0000-00-00 00:00:00', 0, 0, '0', '0', 0, '0', 0, 14, 27, '', 0),
(251, '0000-00-00 00:00:00', '0000-00-00 00:00:00', 0, 0, '0', '0', 0, '0', 0, 14, 28, '', 0),
(252, '0000-00-00 00:00:00', '0000-00-00 00:00:00', 0, 0, '0', '0', 0, '0', 0, 14, 29, '', 0),
(253, '0000-00-00 00:00:00', '0000-00-00 00:00:00', 0, 0, '0', '0', 0, '0', 0, 14, 30, '', 0),
(254, '0000-00-00 00:00:00', '0000-00-00 00:00:00', 0, 0, '0', '0', 0, '0', 0, 14, 9, '', 0),
(255, '0000-00-00 00:00:00', '0000-00-00 00:00:00', 0, 0, '0', '0', 0, '0', 0, 14, 10, '', 0),
(256, '0000-00-00 00:00:00', '0000-00-00 00:00:00', 0, 0, '0', '0', 0, '0', 0, 14, 11, '', 0),
(257, '0000-00-00 00:00:00', '0000-00-00 00:00:00', 0, 0, '0', '0', 0, '0', 0, 14, 12, '', 0),
(258, '0000-00-00 00:00:00', '0000-00-00 00:00:00', 0, 0, '0', '0', 0, '0', 0, 14, 13, '', 0),
(259, '0000-00-00 00:00:00', '0000-00-00 00:00:00', 0, 0, '0', '0', 0, '0', 0, 14, 14, '', 0),
(260, '0000-00-00 00:00:00', '0000-00-00 00:00:00', 0, 0, '0', '0', 0, '0', 0, 14, 15, '', 0),
(261, '0000-00-00 00:00:00', '0000-00-00 00:00:00', 0, 0, '0', '0', 0, '0', 0, 14, 16, '', 0),
(262, '0000-00-00 00:00:00', '0000-00-00 00:00:00', 0, 0, '0', '0', 0, '0', 0, 14, 17, '', 0),
(263, '0000-00-00 00:00:00', '0000-00-00 00:00:00', 0, 0, '0', '0', 0, '0', 0, 14, 18, '', 0),
(264, '0000-00-00 00:00:00', '0000-00-00 00:00:00', 0, 0, '0', '0', 0, '0', 0, 14, 19, '', 0),
(265, '0000-00-00 00:00:00', '0000-00-00 00:00:00', 0, 0, '0', '0', 0, '0', 0, 14, 20, '', 0),
(266, '0000-00-00 00:00:00', '0000-00-00 00:00:00', 0, 0, '0', '0', 0, '0', 0, 14, 21, '', 0),
(267, '0000-00-00 00:00:00', '0000-00-00 00:00:00', 0, 0, '0', '0', 0, '0', 0, 14, 22, '', 0),
(268, '0000-00-00 00:00:00', '0000-00-00 00:00:00', 0, 0, '0', '0', 0, '0', 0, 14, 23, '', 0),
(269, '0000-00-00 00:00:00', '0000-00-00 00:00:00', 0, 0, '0', '0', 0, '0', 0, 14, 24, '', 0),
(270, '0000-00-00 00:00:00', '0000-00-00 00:00:00', 0, 0, '0', '0', 0, '0', 0, 14, 25, '', 0),
(271, '0000-00-00 00:00:00', '0000-00-00 00:00:00', 0, 0, '0', '0', 0, '0', 0, 14, 26, '', 0),
(272, '0000-00-00 00:00:00', '0000-00-00 00:00:00', 0, 0, '0', '0', 0, '0', 0, 14, 27, '', 0),
(273, '0000-00-00 00:00:00', '0000-00-00 00:00:00', 0, 0, '0', '0', 0, '0', 0, 14, 28, '', 0),
(274, '0000-00-00 00:00:00', '0000-00-00 00:00:00', 0, 0, '0', '0', 0, '0', 0, 14, 29, '', 0),
(275, '0000-00-00 00:00:00', '0000-00-00 00:00:00', 0, 0, '0', '0', 0, '0', 0, 14, 30, '', 0),
(276, '0000-00-00 00:00:00', '0000-00-00 00:00:00', 0, 0, '0', '0', 0, '0', 0, 14, 9, '', 0),
(277, '0000-00-00 00:00:00', '0000-00-00 00:00:00', 0, 0, '0', '0', 0, '0', 0, 14, 10, '', 0),
(278, '0000-00-00 00:00:00', '0000-00-00 00:00:00', 0, 0, '0', '0', 0, '0', 0, 14, 11, '', 0),
(279, '0000-00-00 00:00:00', '0000-00-00 00:00:00', 0, 0, '0', '0', 0, '0', 0, 14, 12, '', 0),
(280, '0000-00-00 00:00:00', '0000-00-00 00:00:00', 0, 0, '0', '0', 0, '0', 0, 14, 13, '', 0),
(281, '0000-00-00 00:00:00', '0000-00-00 00:00:00', 0, 0, '0', '0', 0, '0', 0, 14, 14, '', 0),
(282, '0000-00-00 00:00:00', '0000-00-00 00:00:00', 0, 0, '0', '0', 0, '0', 0, 14, 15, '', 0),
(283, '0000-00-00 00:00:00', '0000-00-00 00:00:00', 0, 0, '0', '0', 0, '0', 0, 14, 16, '', 0),
(284, '0000-00-00 00:00:00', '0000-00-00 00:00:00', 0, 0, '0', '0', 0, '0', 0, 14, 17, '', 0),
(285, '0000-00-00 00:00:00', '0000-00-00 00:00:00', 0, 0, '0', '0', 0, '0', 0, 14, 18, '', 0),
(286, '0000-00-00 00:00:00', '0000-00-00 00:00:00', 0, 0, '0', '0', 0, '0', 0, 14, 19, '', 0),
(287, '0000-00-00 00:00:00', '0000-00-00 00:00:00', 0, 0, '0', '0', 0, '0', 0, 14, 20, '', 0),
(288, '0000-00-00 00:00:00', '0000-00-00 00:00:00', 0, 0, '0', '0', 0, '0', 0, 14, 21, '', 0),
(289, '0000-00-00 00:00:00', '0000-00-00 00:00:00', 0, 0, '0', '0', 0, '0', 0, 14, 22, '', 0),
(290, '0000-00-00 00:00:00', '0000-00-00 00:00:00', 0, 0, '0', '0', 0, '0', 0, 14, 23, '', 0),
(291, '0000-00-00 00:00:00', '0000-00-00 00:00:00', 0, 0, '0', '0', 0, '0', 0, 14, 24, '', 0),
(292, '0000-00-00 00:00:00', '0000-00-00 00:00:00', 0, 0, '0', '0', 0, '0', 0, 14, 25, '', 0),
(293, '0000-00-00 00:00:00', '0000-00-00 00:00:00', 0, 0, '0', '0', 0, '0', 0, 14, 26, '', 0),
(294, '0000-00-00 00:00:00', '0000-00-00 00:00:00', 0, 0, '0', '0', 0, '0', 0, 14, 27, '', 0),
(295, '0000-00-00 00:00:00', '0000-00-00 00:00:00', 0, 0, '0', '0', 0, '0', 0, 14, 28, '', 0),
(296, '0000-00-00 00:00:00', '0000-00-00 00:00:00', 0, 0, '0', '0', 0, '0', 0, 14, 29, '', 0),
(297, '0000-00-00 00:00:00', '0000-00-00 00:00:00', 0, 0, '0', '0', 0, '0', 0, 14, 30, '', 0),
(298, '0000-00-00 00:00:00', '0000-00-00 00:00:00', 0, 0, '0', '0', 0, '0', 0, 14, 9, '', 0),
(299, '0000-00-00 00:00:00', '0000-00-00 00:00:00', 0, 0, '0', '0', 0, '0', 0, 14, 10, '', 0),
(300, '0000-00-00 00:00:00', '0000-00-00 00:00:00', 0, 0, '0', '0', 0, '0', 0, 14, 11, '', 0),
(301, '0000-00-00 00:00:00', '0000-00-00 00:00:00', 0, 0, '0', '0', 0, '0', 0, 14, 12, '', 0),
(302, '0000-00-00 00:00:00', '0000-00-00 00:00:00', 0, 0, '0', '0', 0, '0', 0, 14, 13, '', 0),
(303, '0000-00-00 00:00:00', '0000-00-00 00:00:00', 0, 0, '0', '0', 0, '0', 0, 14, 14, '', 0),
(304, '0000-00-00 00:00:00', '0000-00-00 00:00:00', 0, 0, '0', '0', 0, '0', 0, 14, 15, '', 0),
(305, '0000-00-00 00:00:00', '0000-00-00 00:00:00', 0, 0, '0', '0', 0, '0', 0, 14, 16, '', 0),
(306, '0000-00-00 00:00:00', '0000-00-00 00:00:00', 0, 0, '0', '0', 0, '0', 0, 14, 17, '', 0),
(307, '0000-00-00 00:00:00', '0000-00-00 00:00:00', 0, 0, '0', '0', 0, '0', 0, 14, 18, '', 0),
(308, '0000-00-00 00:00:00', '0000-00-00 00:00:00', 0, 0, '0', '0', 0, '0', 0, 14, 19, '', 0),
(309, '0000-00-00 00:00:00', '0000-00-00 00:00:00', 0, 0, '0', '0', 0, '0', 0, 14, 20, '', 0),
(310, '0000-00-00 00:00:00', '0000-00-00 00:00:00', 0, 0, '0', '0', 0, '0', 0, 14, 21, '', 0),
(311, '0000-00-00 00:00:00', '0000-00-00 00:00:00', 0, 0, '0', '0', 0, '0', 0, 14, 22, '', 0),
(312, '0000-00-00 00:00:00', '0000-00-00 00:00:00', 0, 0, '0', '0', 0, '0', 0, 14, 23, '', 0),
(313, '0000-00-00 00:00:00', '0000-00-00 00:00:00', 0, 0, '0', '0', 0, '0', 0, 14, 24, '', 0),
(314, '0000-00-00 00:00:00', '0000-00-00 00:00:00', 0, 0, '0', '0', 0, '0', 0, 14, 25, '', 0),
(315, '0000-00-00 00:00:00', '0000-00-00 00:00:00', 0, 0, '0', '0', 0, '0', 0, 14, 26, '', 0),
(316, '0000-00-00 00:00:00', '0000-00-00 00:00:00', 0, 0, '0', '0', 0, '0', 0, 14, 27, '', 0),
(317, '0000-00-00 00:00:00', '0000-00-00 00:00:00', 0, 0, '0', '0', 0, '0', 0, 14, 28, '', 0),
(318, '0000-00-00 00:00:00', '0000-00-00 00:00:00', 0, 0, '0', '0', 0, '0', 0, 14, 29, '', 0),
(319, '0000-00-00 00:00:00', '0000-00-00 00:00:00', 0, 0, '0', '0', 0, '0', 0, 14, 30, '', 0),
(320, '0000-00-00 00:00:00', '0000-00-00 00:00:00', 0, 0, '0', '0', 0, '0', 0, 14, 9, '', 0),
(321, '0000-00-00 00:00:00', '0000-00-00 00:00:00', 0, 0, '0', '0', 0, '0', 0, 14, 10, '', 0),
(322, '0000-00-00 00:00:00', '0000-00-00 00:00:00', 0, 0, '0', '0', 0, '0', 0, 14, 11, '', 0),
(323, '0000-00-00 00:00:00', '0000-00-00 00:00:00', 0, 0, '0', '0', 0, '0', 0, 14, 12, '', 0),
(324, '0000-00-00 00:00:00', '0000-00-00 00:00:00', 0, 0, '0', '0', 0, '0', 0, 14, 13, '', 0),
(325, '0000-00-00 00:00:00', '0000-00-00 00:00:00', 0, 0, '0', '0', 0, '0', 0, 14, 14, '', 0),
(326, '0000-00-00 00:00:00', '0000-00-00 00:00:00', 0, 0, '0', '0', 0, '0', 0, 14, 15, '', 0),
(327, '0000-00-00 00:00:00', '0000-00-00 00:00:00', 0, 0, '0', '0', 0, '0', 0, 14, 16, '', 0),
(328, '0000-00-00 00:00:00', '0000-00-00 00:00:00', 0, 0, '0', '0', 0, '0', 0, 14, 17, '', 0),
(329, '0000-00-00 00:00:00', '0000-00-00 00:00:00', 0, 0, '0', '0', 0, '0', 0, 14, 18, '', 0),
(330, '0000-00-00 00:00:00', '0000-00-00 00:00:00', 0, 0, '0', '0', 0, '0', 0, 14, 19, '', 0),
(331, '0000-00-00 00:00:00', '0000-00-00 00:00:00', 0, 0, '0', '0', 0, '0', 0, 14, 20, '', 0),
(332, '0000-00-00 00:00:00', '0000-00-00 00:00:00', 0, 0, '0', '0', 0, '0', 0, 14, 21, '', 0),
(333, '0000-00-00 00:00:00', '0000-00-00 00:00:00', 0, 0, '0', '0', 0, '0', 0, 14, 22, '', 0),
(334, '0000-00-00 00:00:00', '0000-00-00 00:00:00', 0, 0, '0', '0', 0, '0', 0, 14, 23, '', 0),
(335, '0000-00-00 00:00:00', '0000-00-00 00:00:00', 0, 0, '0', '0', 0, '0', 0, 14, 24, '', 0),
(336, '0000-00-00 00:00:00', '0000-00-00 00:00:00', 0, 0, '0', '0', 0, '0', 0, 14, 25, '', 0),
(337, '0000-00-00 00:00:00', '0000-00-00 00:00:00', 0, 0, '0', '0', 0, '0', 0, 14, 26, '', 0),
(338, '0000-00-00 00:00:00', '0000-00-00 00:00:00', 0, 0, '0', '0', 0, '0', 0, 14, 27, '', 0),
(339, '0000-00-00 00:00:00', '0000-00-00 00:00:00', 0, 0, '0', '0', 0, '0', 0, 14, 28, '', 0),
(340, '0000-00-00 00:00:00', '0000-00-00 00:00:00', 0, 0, '0', '0', 0, '0', 0, 14, 29, '', 0),
(341, '0000-00-00 00:00:00', '0000-00-00 00:00:00', 0, 0, '0', '0', 0, '0', 0, 14, 30, '', 0),
(342, '0000-00-00 00:00:00', '0000-00-00 00:00:00', 0, 0, '0', '0', 0, '0', 0, 14, 9, '', 0),
(343, '0000-00-00 00:00:00', '0000-00-00 00:00:00', 0, 0, '0', '0', 0, '0', 0, 14, 10, '', 0),
(344, '0000-00-00 00:00:00', '0000-00-00 00:00:00', 0, 0, '0', '0', 0, '0', 0, 14, 11, '', 0),
(345, '0000-00-00 00:00:00', '0000-00-00 00:00:00', 0, 0, '0', '0', 0, '0', 0, 14, 12, '', 0),
(346, '0000-00-00 00:00:00', '0000-00-00 00:00:00', 0, 0, '0', '0', 0, '0', 0, 14, 13, '', 0),
(347, '0000-00-00 00:00:00', '0000-00-00 00:00:00', 0, 0, '0', '0', 0, '0', 0, 14, 14, '', 0),
(348, '0000-00-00 00:00:00', '0000-00-00 00:00:00', 0, 0, '0', '0', 0, '0', 0, 14, 15, '', 0),
(349, '0000-00-00 00:00:00', '0000-00-00 00:00:00', 0, 0, '0', '0', 0, '0', 0, 14, 16, '', 0),
(350, '0000-00-00 00:00:00', '0000-00-00 00:00:00', 0, 0, '0', '0', 0, '0', 0, 14, 17, '', 0),
(351, '0000-00-00 00:00:00', '0000-00-00 00:00:00', 0, 0, '0', '0', 0, '0', 0, 14, 18, '', 0),
(352, '0000-00-00 00:00:00', '0000-00-00 00:00:00', 0, 0, '0', '0', 0, '0', 0, 14, 19, '', 0),
(353, '0000-00-00 00:00:00', '0000-00-00 00:00:00', 0, 0, '0', '0', 0, '0', 0, 14, 20, '', 0),
(354, '0000-00-00 00:00:00', '0000-00-00 00:00:00', 0, 0, '0', '0', 0, '0', 0, 14, 21, '', 0),
(355, '0000-00-00 00:00:00', '0000-00-00 00:00:00', 0, 0, '0', '0', 0, '0', 0, 14, 22, '', 0),
(356, '0000-00-00 00:00:00', '0000-00-00 00:00:00', 0, 0, '0', '0', 0, '0', 0, 14, 23, '', 0),
(357, '0000-00-00 00:00:00', '0000-00-00 00:00:00', 0, 0, '0', '0', 0, '0', 0, 14, 24, '', 0),
(358, '0000-00-00 00:00:00', '0000-00-00 00:00:00', 0, 0, '0', '0', 0, '0', 0, 14, 25, '', 0),
(359, '0000-00-00 00:00:00', '0000-00-00 00:00:00', 0, 0, '0', '0', 0, '0', 0, 14, 26, '', 0),
(360, '0000-00-00 00:00:00', '0000-00-00 00:00:00', 0, 0, '0', '0', 0, '0', 0, 14, 27, '', 0),
(361, '0000-00-00 00:00:00', '0000-00-00 00:00:00', 0, 0, '0', '0', 0, '0', 0, 14, 28, '', 0),
(362, '0000-00-00 00:00:00', '0000-00-00 00:00:00', 0, 0, '0', '0', 0, '0', 0, 14, 29, '', 0),
(363, '0000-00-00 00:00:00', '0000-00-00 00:00:00', 0, 0, '0', '0', 0, '0', 0, 14, 30, '', 0),
(364, '0000-00-00 00:00:00', '0000-00-00 00:00:00', 0, 0, '0', '0', 0, '0', 0, 14, 9, '', 0),
(365, '0000-00-00 00:00:00', '0000-00-00 00:00:00', 0, 0, '0', '0', 0, '0', 0, 14, 10, '', 0),
(366, '0000-00-00 00:00:00', '0000-00-00 00:00:00', 0, 0, '0', '0', 0, '0', 0, 14, 11, '', 0),
(367, '0000-00-00 00:00:00', '0000-00-00 00:00:00', 0, 0, '0', '0', 0, '0', 0, 14, 12, '', 0),
(368, '0000-00-00 00:00:00', '0000-00-00 00:00:00', 0, 0, '0', '0', 0, '0', 0, 14, 13, '', 0),
(369, '0000-00-00 00:00:00', '0000-00-00 00:00:00', 0, 0, '0', '0', 0, '0', 0, 14, 14, '', 0),
(370, '0000-00-00 00:00:00', '0000-00-00 00:00:00', 0, 0, '0', '0', 0, '0', 0, 14, 15, '', 0),
(371, '0000-00-00 00:00:00', '0000-00-00 00:00:00', 0, 0, '0', '0', 0, '0', 0, 14, 16, '', 0),
(372, '0000-00-00 00:00:00', '0000-00-00 00:00:00', 0, 0, '0', '0', 0, '0', 0, 14, 17, '', 0),
(373, '0000-00-00 00:00:00', '0000-00-00 00:00:00', 0, 0, '0', '0', 0, '0', 0, 14, 18, '', 0),
(374, '0000-00-00 00:00:00', '0000-00-00 00:00:00', 0, 0, '0', '0', 0, '0', 0, 14, 19, '', 0),
(375, '0000-00-00 00:00:00', '0000-00-00 00:00:00', 0, 0, '0', '0', 0, '0', 0, 14, 20, '', 0),
(376, '0000-00-00 00:00:00', '0000-00-00 00:00:00', 0, 0, '0', '0', 0, '0', 0, 14, 21, '', 0),
(377, '0000-00-00 00:00:00', '0000-00-00 00:00:00', 0, 0, '0', '0', 0, '0', 0, 14, 22, '', 0),
(378, '0000-00-00 00:00:00', '0000-00-00 00:00:00', 0, 0, '0', '0', 0, '0', 0, 14, 23, '', 0),
(379, '0000-00-00 00:00:00', '0000-00-00 00:00:00', 0, 0, '0', '0', 0, '0', 0, 14, 24, '', 0),
(380, '0000-00-00 00:00:00', '0000-00-00 00:00:00', 0, 0, '0', '0', 0, '0', 0, 14, 25, '', 0),
(381, '0000-00-00 00:00:00', '0000-00-00 00:00:00', 0, 0, '0', '0', 0, '0', 0, 14, 26, '', 0),
(382, '0000-00-00 00:00:00', '0000-00-00 00:00:00', 0, 0, '0', '0', 0, '0', 0, 14, 27, '', 0),
(383, '0000-00-00 00:00:00', '0000-00-00 00:00:00', 0, 0, '0', '0', 0, '0', 0, 14, 28, '', 0),
(384, '0000-00-00 00:00:00', '0000-00-00 00:00:00', 0, 0, '0', '0', 0, '0', 0, 14, 29, '', 0),
(385, '0000-00-00 00:00:00', '0000-00-00 00:00:00', 0, 0, '0', '0', 0, '0', 0, 14, 30, '', 0),
(386, '0000-00-00 00:00:00', '0000-00-00 00:00:00', 0, 0, '0', '0', 0, '0', 0, 14, 9, '', 0),
(387, '0000-00-00 00:00:00', '0000-00-00 00:00:00', 0, 0, '0', '0', 0, '0', 0, 14, 10, '', 0),
(388, '0000-00-00 00:00:00', '0000-00-00 00:00:00', 0, 0, '0', '0', 0, '0', 0, 14, 11, '', 0),
(389, '0000-00-00 00:00:00', '0000-00-00 00:00:00', 0, 0, '0', '0', 0, '0', 0, 14, 12, '', 0),
(390, '0000-00-00 00:00:00', '0000-00-00 00:00:00', 0, 0, '0', '0', 0, '0', 0, 14, 13, '', 0),
(391, '0000-00-00 00:00:00', '0000-00-00 00:00:00', 0, 0, '0', '0', 0, '0', 0, 14, 14, '', 0),
(392, '0000-00-00 00:00:00', '0000-00-00 00:00:00', 0, 0, '0', '0', 0, '0', 0, 14, 15, '', 0),
(393, '0000-00-00 00:00:00', '0000-00-00 00:00:00', 0, 0, '0', '0', 0, '0', 0, 14, 16, '', 0),
(394, '0000-00-00 00:00:00', '0000-00-00 00:00:00', 0, 0, '0', '0', 0, '0', 0, 14, 17, '', 0),
(395, '0000-00-00 00:00:00', '0000-00-00 00:00:00', 0, 0, '0', '0', 0, '0', 0, 14, 18, '', 0),
(396, '0000-00-00 00:00:00', '0000-00-00 00:00:00', 0, 0, '0', '0', 0, '0', 0, 14, 19, '', 0),
(397, '0000-00-00 00:00:00', '0000-00-00 00:00:00', 0, 0, '0', '0', 0, '0', 0, 14, 20, '', 0),
(398, '0000-00-00 00:00:00', '0000-00-00 00:00:00', 0, 0, '0', '0', 0, '0', 0, 14, 21, '', 0),
(399, '0000-00-00 00:00:00', '0000-00-00 00:00:00', 0, 0, '0', '0', 0, '0', 0, 14, 22, '', 0),
(400, '0000-00-00 00:00:00', '0000-00-00 00:00:00', 0, 0, '0', '0', 0, '0', 0, 14, 23, '', 0),
(401, '0000-00-00 00:00:00', '0000-00-00 00:00:00', 0, 0, '0', '0', 0, '0', 0, 14, 24, '', 0),
(402, '0000-00-00 00:00:00', '0000-00-00 00:00:00', 0, 0, '0', '0', 0, '0', 0, 14, 25, '', 0),
(403, '0000-00-00 00:00:00', '0000-00-00 00:00:00', 0, 0, '0', '0', 0, '0', 0, 14, 26, '', 0),
(404, '0000-00-00 00:00:00', '0000-00-00 00:00:00', 0, 0, '0', '0', 0, '0', 0, 14, 27, '', 0),
(405, '0000-00-00 00:00:00', '0000-00-00 00:00:00', 0, 0, '0', '0', 0, '0', 0, 14, 28, '', 0),
(406, '0000-00-00 00:00:00', '0000-00-00 00:00:00', 0, 0, '0', '0', 0, '0', 0, 14, 29, '', 0),
(407, '0000-00-00 00:00:00', '0000-00-00 00:00:00', 0, 0, '0', '0', 0, '0', 0, 14, 30, '', 0),
(408, '0000-00-00 00:00:00', '0000-00-00 00:00:00', 0, 0, '0', '0', 0, '0', 0, 14, 9, '', 0),
(409, '0000-00-00 00:00:00', '0000-00-00 00:00:00', 0, 0, '0', '0', 0, '0', 0, 14, 10, '', 0),
(410, '0000-00-00 00:00:00', '0000-00-00 00:00:00', 0, 0, '0', '0', 0, '0', 0, 14, 11, '', 0),
(411, '0000-00-00 00:00:00', '0000-00-00 00:00:00', 0, 0, '0', '0', 0, '0', 0, 14, 12, '', 0),
(412, '0000-00-00 00:00:00', '0000-00-00 00:00:00', 0, 0, '0', '0', 0, '0', 0, 14, 13, '', 0),
(413, '0000-00-00 00:00:00', '0000-00-00 00:00:00', 0, 0, '0', '0', 0, '0', 0, 14, 14, '', 0),
(414, '0000-00-00 00:00:00', '0000-00-00 00:00:00', 0, 0, '0', '0', 0, '0', 0, 14, 15, '', 0),
(415, '0000-00-00 00:00:00', '0000-00-00 00:00:00', 0, 0, '0', '0', 0, '0', 0, 14, 16, '', 0),
(416, '0000-00-00 00:00:00', '0000-00-00 00:00:00', 0, 0, '0', '0', 0, '0', 0, 14, 17, '', 0),
(417, '0000-00-00 00:00:00', '0000-00-00 00:00:00', 0, 0, '0', '0', 0, '0', 0, 14, 18, '', 0),
(418, '0000-00-00 00:00:00', '0000-00-00 00:00:00', 0, 0, '0', '0', 0, '0', 0, 14, 19, '', 0),
(419, '0000-00-00 00:00:00', '0000-00-00 00:00:00', 0, 0, '0', '0', 0, '0', 0, 14, 20, '', 0),
(420, '0000-00-00 00:00:00', '0000-00-00 00:00:00', 0, 0, '0', '0', 0, '0', 0, 14, 21, '', 0),
(421, '0000-00-00 00:00:00', '0000-00-00 00:00:00', 0, 0, '0', '0', 0, '0', 0, 14, 22, '', 0),
(422, '0000-00-00 00:00:00', '0000-00-00 00:00:00', 0, 0, '0', '0', 0, '0', 0, 14, 23, '', 0),
(423, '0000-00-00 00:00:00', '0000-00-00 00:00:00', 0, 0, '0', '0', 0, '0', 0, 14, 24, '', 0),
(424, '0000-00-00 00:00:00', '0000-00-00 00:00:00', 0, 0, '0', '0', 0, '0', 0, 14, 25, '', 0),
(425, '0000-00-00 00:00:00', '0000-00-00 00:00:00', 0, 0, '0', '0', 0, '0', 0, 14, 26, '', 0),
(426, '0000-00-00 00:00:00', '0000-00-00 00:00:00', 0, 0, '0', '0', 0, '0', 0, 14, 27, '', 0),
(427, '0000-00-00 00:00:00', '0000-00-00 00:00:00', 0, 0, '0', '0', 0, '0', 0, 14, 28, '', 0),
(428, '0000-00-00 00:00:00', '0000-00-00 00:00:00', 0, 0, '0', '0', 0, '0', 0, 14, 29, '', 0),
(429, '0000-00-00 00:00:00', '0000-00-00 00:00:00', 0, 0, '0', '0', 0, '0', 0, 14, 30, '', 0),
(430, '0000-00-00 00:00:00', '0000-00-00 00:00:00', 0, 0, '0', '0', 0, '0', 0, 14, 9, '', 0),
(431, '0000-00-00 00:00:00', '0000-00-00 00:00:00', 0, 0, '0', '0', 0, '0', 0, 14, 10, '', 0),
(432, '0000-00-00 00:00:00', '0000-00-00 00:00:00', 0, 0, '0', '0', 0, '0', 0, 14, 11, '', 0),
(433, '0000-00-00 00:00:00', '0000-00-00 00:00:00', 0, 0, '0', '0', 0, '0', 0, 14, 12, '', 0),
(434, '0000-00-00 00:00:00', '0000-00-00 00:00:00', 0, 0, '0', '0', 0, '0', 0, 14, 13, '', 0),
(435, '0000-00-00 00:00:00', '0000-00-00 00:00:00', 0, 0, '0', '0', 0, '0', 0, 14, 14, '', 0),
(436, '0000-00-00 00:00:00', '0000-00-00 00:00:00', 0, 0, '0', '0', 0, '0', 0, 14, 15, '', 0),
(437, '0000-00-00 00:00:00', '0000-00-00 00:00:00', 0, 0, '0', '0', 0, '0', 0, 14, 16, '', 0),
(438, '0000-00-00 00:00:00', '0000-00-00 00:00:00', 0, 0, '0', '0', 0, '0', 0, 14, 17, '', 0),
(439, '0000-00-00 00:00:00', '0000-00-00 00:00:00', 0, 0, '0', '0', 0, '0', 0, 14, 18, '', 0),
(440, '0000-00-00 00:00:00', '0000-00-00 00:00:00', 0, 0, '0', '0', 0, '0', 0, 14, 19, '', 0),
(441, '0000-00-00 00:00:00', '0000-00-00 00:00:00', 0, 0, '0', '0', 0, '0', 0, 14, 20, '', 0),
(442, '0000-00-00 00:00:00', '0000-00-00 00:00:00', 0, 0, '0', '0', 0, '0', 0, 14, 21, '', 0),
(443, '0000-00-00 00:00:00', '0000-00-00 00:00:00', 0, 0, '0', '0', 0, '0', 0, 14, 22, '', 0),
(444, '0000-00-00 00:00:00', '0000-00-00 00:00:00', 0, 0, '0', '0', 0, '0', 0, 14, 23, '', 0),
(445, '0000-00-00 00:00:00', '0000-00-00 00:00:00', 0, 0, '0', '0', 0, '0', 0, 14, 24, '', 0),
(446, '0000-00-00 00:00:00', '0000-00-00 00:00:00', 0, 0, '0', '0', 0, '0', 0, 14, 25, '', 0),
(447, '0000-00-00 00:00:00', '0000-00-00 00:00:00', 0, 0, '0', '0', 0, '0', 0, 14, 26, '', 0),
(448, '0000-00-00 00:00:00', '0000-00-00 00:00:00', 0, 0, '0', '0', 0, '0', 0, 14, 27, '', 0),
(449, '0000-00-00 00:00:00', '0000-00-00 00:00:00', 0, 0, '0', '0', 0, '0', 0, 14, 28, '', 0),
(450, '0000-00-00 00:00:00', '0000-00-00 00:00:00', 0, 0, '0', '0', 0, '0', 0, 14, 29, '', 0),
(451, '0000-00-00 00:00:00', '0000-00-00 00:00:00', 0, 0, '0', '0', 0, '0', 0, 14, 30, '', 0),
(452, '0000-00-00 00:00:00', '0000-00-00 00:00:00', 0, 0, '0', '0', 0, '0', 0, 14, 9, '', 0),
(453, '0000-00-00 00:00:00', '0000-00-00 00:00:00', 0, 0, '0', '0', 0, '0', 0, 14, 10, '', 0),
(454, '0000-00-00 00:00:00', '0000-00-00 00:00:00', 0, 0, '0', '0', 0, '0', 0, 14, 11, '', 0),
(455, '0000-00-00 00:00:00', '0000-00-00 00:00:00', 0, 0, '0', '0', 0, '0', 0, 14, 12, '', 0),
(456, '0000-00-00 00:00:00', '0000-00-00 00:00:00', 0, 0, '0', '0', 0, '0', 0, 14, 13, '', 0),
(457, '0000-00-00 00:00:00', '0000-00-00 00:00:00', 0, 0, '0', '0', 0, '0', 0, 14, 14, '', 0),
(458, '0000-00-00 00:00:00', '0000-00-00 00:00:00', 0, 0, '0', '0', 0, '0', 0, 14, 15, '', 0),
(459, '0000-00-00 00:00:00', '0000-00-00 00:00:00', 0, 0, '0', '0', 0, '0', 0, 14, 16, '', 0),
(460, '0000-00-00 00:00:00', '0000-00-00 00:00:00', 0, 0, '0', '0', 0, '0', 0, 14, 17, '', 0),
(461, '0000-00-00 00:00:00', '0000-00-00 00:00:00', 0, 0, '0', '0', 0, '0', 0, 14, 18, '', 0),
(462, '0000-00-00 00:00:00', '0000-00-00 00:00:00', 0, 0, '0', '0', 0, '0', 0, 14, 19, '', 0),
(463, '0000-00-00 00:00:00', '0000-00-00 00:00:00', 0, 0, '0', '0', 0, '0', 0, 15, 20, '', 0),
(464, '0000-00-00 00:00:00', '0000-00-00 00:00:00', 0, 0, '0', '0', 0, '0', 0, 15, 21, '', 0),
(465, '0000-00-00 00:00:00', '0000-00-00 00:00:00', 0, 0, '0', '0', 0, '0', 0, 15, 22, '', 0),
(466, '0000-00-00 00:00:00', '0000-00-00 00:00:00', 0, 0, '0', '0', 0, '0', 0, 15, 23, '', 0),
(467, '0000-00-00 00:00:00', '0000-00-00 00:00:00', 0, 0, '0', '0', 0, '0', 0, 15, 24, '', 0),
(468, '0000-00-00 00:00:00', '0000-00-00 00:00:00', 0, 0, '0', '0', 0, '0', 0, 15, 25, '', 0),
(469, '0000-00-00 00:00:00', '0000-00-00 00:00:00', 0, 0, '0', '0', 0, '0', 0, 15, 26, '', 0),
(470, '0000-00-00 00:00:00', '0000-00-00 00:00:00', 0, 0, '0', '0', 0, '0', 0, 15, 27, '', 0),
(471, '0000-00-00 00:00:00', '0000-00-00 00:00:00', 0, 0, '0', '0', 0, '0', 0, 15, 28, '', 0),
(472, '0000-00-00 00:00:00', '0000-00-00 00:00:00', 0, 0, '0', '0', 0, '0', 0, 15, 29, '', 0),
(473, '0000-00-00 00:00:00', '0000-00-00 00:00:00', 0, 0, '0', '0', 0, '0', 0, 15, 30, '', 0),
(474, '0000-00-00 00:00:00', '0000-00-00 00:00:00', 0, 0, '0', '0', 0, '0', 0, 15, 9, '', 0),
(475, '0000-00-00 00:00:00', '0000-00-00 00:00:00', 0, 0, '0', '0', 0, '0', 0, 15, 10, '', 0),
(476, '0000-00-00 00:00:00', '0000-00-00 00:00:00', 0, 0, '0', '0', 0, '0', 0, 15, 11, '', 0),
(477, '0000-00-00 00:00:00', '0000-00-00 00:00:00', 0, 0, '0', '0', 0, '0', 0, 15, 12, '', 0),
(478, '0000-00-00 00:00:00', '0000-00-00 00:00:00', 0, 0, '0', '0', 0, '0', 0, 15, 13, '', 0),
(479, '0000-00-00 00:00:00', '0000-00-00 00:00:00', 0, 0, '0', '0', 0, '0', 0, 15, 14, '', 0),
(480, '0000-00-00 00:00:00', '0000-00-00 00:00:00', 0, 0, '0', '0', 0, '0', 0, 15, 15, '', 0),
(481, '0000-00-00 00:00:00', '0000-00-00 00:00:00', 0, 0, '0', '0', 0, '0', 0, 15, 16, '', 0),
(482, '0000-00-00 00:00:00', '0000-00-00 00:00:00', 0, 0, '0', '0', 0, '0', 0, 15, 17, '', 0),
(483, '0000-00-00 00:00:00', '0000-00-00 00:00:00', 0, 0, '0', '0', 0, '0', 0, 15, 18, '', 0),
(484, '0000-00-00 00:00:00', '0000-00-00 00:00:00', 0, 0, '0', '0', 0, '0', 0, 15, 19, '', 0),
(485, '0000-00-00 00:00:00', '0000-00-00 00:00:00', 0, 0, '0', '0', 0, '0', 0, 15, 20, '', 0),
(486, '0000-00-00 00:00:00', '0000-00-00 00:00:00', 0, 0, '0', '0', 0, '0', 0, 15, 21, '', 0),
(487, '0000-00-00 00:00:00', '0000-00-00 00:00:00', 0, 0, '0', '0', 0, '0', 0, 15, 22, '', 0),
(488, '0000-00-00 00:00:00', '0000-00-00 00:00:00', 0, 0, '0', '0', 0, '0', 0, 15, 23, '', 0),
(489, '0000-00-00 00:00:00', '0000-00-00 00:00:00', 0, 0, '0', '0', 0, '0', 0, 15, 24, '', 0),
(490, '0000-00-00 00:00:00', '0000-00-00 00:00:00', 0, 0, '0', '0', 0, '0', 0, 15, 25, '', 0),
(491, '0000-00-00 00:00:00', '0000-00-00 00:00:00', 0, 0, '0', '0', 0, '0', 0, 15, 26, '', 0),
(492, '0000-00-00 00:00:00', '0000-00-00 00:00:00', 0, 0, '0', '0', 0, '0', 0, 15, 27, '', 0),
(493, '0000-00-00 00:00:00', '0000-00-00 00:00:00', 0, 0, '0', '0', 0, '0', 0, 15, 28, '', 0),
(494, '0000-00-00 00:00:00', '0000-00-00 00:00:00', 0, 0, '0', '0', 0, '0', 0, 15, 29, '', 0),
(495, '0000-00-00 00:00:00', '0000-00-00 00:00:00', 0, 0, '0', '0', 0, '0', 0, 15, 30, '', 0),
(496, '0000-00-00 00:00:00', '0000-00-00 00:00:00', 0, 0, '0', '0', 0, '0', 0, 15, 9, '', 0),
(497, '0000-00-00 00:00:00', '0000-00-00 00:00:00', 0, 0, '0', '0', 0, '0', 0, 15, 10, '', 0),
(498, '0000-00-00 00:00:00', '0000-00-00 00:00:00', 0, 0, '0', '0', 0, '0', 0, 15, 11, '', 0),
(499, '0000-00-00 00:00:00', '0000-00-00 00:00:00', 0, 0, '0', '0', 0, '0', 0, 15, 12, '', 0),
(500, '0000-00-00 00:00:00', '0000-00-00 00:00:00', 0, 0, '0', '0', 0, '0', 0, 15, 13, '', 0),
(501, '0000-00-00 00:00:00', '0000-00-00 00:00:00', 0, 0, '0', '0', 0, '0', 0, 15, 14, '', 0),
(502, '0000-00-00 00:00:00', '0000-00-00 00:00:00', 0, 0, '0', '0', 0, '0', 0, 15, 15, '', 0),
(503, '0000-00-00 00:00:00', '0000-00-00 00:00:00', 0, 0, '0', '0', 0, '0', 0, 15, 16, '', 0),
(504, '0000-00-00 00:00:00', '0000-00-00 00:00:00', 0, 0, '0', '0', 0, '0', 0, 15, 17, '', 0),
(505, '0000-00-00 00:00:00', '0000-00-00 00:00:00', 0, 0, '0', '0', 0, '0', 0, 15, 18, '', 0),
(506, '0000-00-00 00:00:00', '0000-00-00 00:00:00', 0, 0, '0', '0', 0, '0', 0, 15, 19, '', 0),
(507, '0000-00-00 00:00:00', '0000-00-00 00:00:00', 0, 0, '0', '0', 0, '0', 0, 15, 20, '', 0),
(508, '0000-00-00 00:00:00', '0000-00-00 00:00:00', 0, 0, '0', '0', 0, '0', 0, 15, 21, '', 0),
(509, '0000-00-00 00:00:00', '0000-00-00 00:00:00', 0, 0, '0', '0', 0, '0', 0, 15, 22, '', 0),
(510, '0000-00-00 00:00:00', '0000-00-00 00:00:00', 0, 0, '0', '0', 0, '0', 0, 15, 23, '', 0),
(511, '0000-00-00 00:00:00', '0000-00-00 00:00:00', 0, 0, '0', '0', 0, '0', 0, 15, 24, '', 0),
(512, '0000-00-00 00:00:00', '0000-00-00 00:00:00', 0, 0, '0', '0', 0, '0', 0, 15, 25, '', 0),
(513, '0000-00-00 00:00:00', '0000-00-00 00:00:00', 0, 0, '0', '0', 0, '0', 0, 15, 26, '', 0),
(514, '0000-00-00 00:00:00', '0000-00-00 00:00:00', 0, 0, '0', '0', 0, '0', 0, 15, 27, '', 0),
(515, '0000-00-00 00:00:00', '0000-00-00 00:00:00', 0, 0, '0', '0', 0, '0', 0, 15, 28, '', 0),
(516, '0000-00-00 00:00:00', '0000-00-00 00:00:00', 0, 0, '0', '0', 0, '0', 0, 15, 29, '', 0),
(517, '0000-00-00 00:00:00', '0000-00-00 00:00:00', 0, 0, '0', '0', 0, '0', 0, 15, 30, '', 0),
(518, '0000-00-00 00:00:00', '0000-00-00 00:00:00', 0, 0, '0', '0', 0, '0', 0, 15, 9, '', 0),
(519, '0000-00-00 00:00:00', '0000-00-00 00:00:00', 0, 0, '0', '0', 0, '0', 0, 15, 10, '', 0),
(520, '0000-00-00 00:00:00', '0000-00-00 00:00:00', 0, 0, '0', '0', 0, '0', 0, 15, 11, '', 0),
(521, '0000-00-00 00:00:00', '0000-00-00 00:00:00', 0, 0, '0', '0', 0, '0', 0, 15, 12, '', 0),
(522, '0000-00-00 00:00:00', '0000-00-00 00:00:00', 0, 0, '0', '0', 0, '0', 0, 15, 13, '', 0),
(523, '0000-00-00 00:00:00', '0000-00-00 00:00:00', 0, 0, '0', '0', 0, '0', 0, 15, 14, '', 0),
(524, '0000-00-00 00:00:00', '0000-00-00 00:00:00', 0, 0, '0', '0', 0, '0', 0, 15, 15, '', 0),
(525, '0000-00-00 00:00:00', '0000-00-00 00:00:00', 0, 0, '0', '0', 0, '0', 0, 15, 16, '', 0),
(526, '0000-00-00 00:00:00', '0000-00-00 00:00:00', 0, 0, '0', '0', 0, '0', 0, 15, 17, '', 0),
(527, '0000-00-00 00:00:00', '0000-00-00 00:00:00', 0, 0, '0', '0', 0, '0', 0, 15, 18, '', 0),
(528, '0000-00-00 00:00:00', '0000-00-00 00:00:00', 0, 0, '0', '0', 0, '0', 0, 15, 19, '', 0),
(529, '0000-00-00 00:00:00', '0000-00-00 00:00:00', 0, 0, '0', '0', 0, '0', 0, 15, 20, '', 0),
(530, '0000-00-00 00:00:00', '0000-00-00 00:00:00', 0, 0, '0', '0', 0, '0', 0, 15, 21, '', 0),
(531, '0000-00-00 00:00:00', '0000-00-00 00:00:00', 0, 0, '0', '0', 0, '0', 0, 15, 22, '', 0),
(532, '0000-00-00 00:00:00', '0000-00-00 00:00:00', 0, 0, '0', '0', 0, '0', 0, 15, 23, '', 0),
(533, '0000-00-00 00:00:00', '0000-00-00 00:00:00', 0, 0, '0', '0', 0, '0', 0, 15, 24, '', 0),
(534, '0000-00-00 00:00:00', '0000-00-00 00:00:00', 0, 0, '0', '0', 0, '0', 0, 15, 25, '', 0),
(535, '0000-00-00 00:00:00', '0000-00-00 00:00:00', 0, 0, '0', '0', 0, '0', 0, 15, 26, '', 0),
(536, '0000-00-00 00:00:00', '0000-00-00 00:00:00', 0, 0, '0', '0', 0, '0', 0, 15, 27, '', 0);
INSERT INTO `coursesexperiment` (`id`, `starttime`, `endtime`, `score`, `count`, `scoringmode`, `timemode`, `islimittime`, `isshowscore`, `userid`, `coursesid`, `experimentsid`, `name`, `sort`) VALUES
(537, '0000-00-00 00:00:00', '0000-00-00 00:00:00', 0, 0, '0', '0', 0, '0', 0, 15, 28, '', 0),
(538, '0000-00-00 00:00:00', '0000-00-00 00:00:00', 0, 0, '0', '0', 0, '0', 0, 15, 29, '', 0),
(539, '0000-00-00 00:00:00', '0000-00-00 00:00:00', 0, 0, '0', '0', 0, '0', 0, 15, 30, '', 0),
(540, '0000-00-00 00:00:00', '0000-00-00 00:00:00', 0, 0, '0', '0', 0, '0', 0, 15, 9, '', 0),
(541, '0000-00-00 00:00:00', '0000-00-00 00:00:00', 0, 0, '0', '0', 0, '0', 0, 15, 10, '', 0),
(542, '0000-00-00 00:00:00', '0000-00-00 00:00:00', 0, 0, '0', '0', 0, '0', 0, 15, 11, '', 0),
(543, '0000-00-00 00:00:00', '0000-00-00 00:00:00', 0, 0, '0', '0', 0, '0', 0, 15, 12, '', 0),
(544, '0000-00-00 00:00:00', '0000-00-00 00:00:00', 0, 0, '0', '0', 0, '0', 0, 15, 13, '', 0),
(545, '0000-00-00 00:00:00', '0000-00-00 00:00:00', 0, 0, '0', '0', 0, '0', 0, 15, 14, '', 0),
(546, '0000-00-00 00:00:00', '0000-00-00 00:00:00', 0, 0, '0', '0', 0, '0', 0, 15, 15, '', 0),
(547, '0000-00-00 00:00:00', '0000-00-00 00:00:00', 0, 0, '0', '0', 0, '0', 0, 15, 16, '', 0),
(548, '0000-00-00 00:00:00', '0000-00-00 00:00:00', 0, 0, '0', '0', 0, '0', 0, 15, 17, '', 0),
(549, '0000-00-00 00:00:00', '0000-00-00 00:00:00', 0, 0, '0', '0', 0, '0', 0, 15, 18, '', 0),
(550, '0000-00-00 00:00:00', '0000-00-00 00:00:00', 0, 0, '0', '0', 0, '0', 0, 15, 19, '', 0),
(551, '0000-00-00 00:00:00', '0000-00-00 00:00:00', 0, 0, '0', '0', 0, '0', 0, 15, 20, '', 0),
(552, '0000-00-00 00:00:00', '0000-00-00 00:00:00', 0, 0, '0', '0', 0, '0', 0, 15, 21, '', 0),
(553, '0000-00-00 00:00:00', '0000-00-00 00:00:00', 0, 0, '0', '0', 0, '0', 0, 15, 22, '', 0),
(554, '0000-00-00 00:00:00', '0000-00-00 00:00:00', 0, 0, '0', '0', 0, '0', 0, 15, 23, '', 0),
(555, '0000-00-00 00:00:00', '0000-00-00 00:00:00', 0, 0, '0', '0', 0, '0', 0, 15, 24, '', 0),
(556, '0000-00-00 00:00:00', '0000-00-00 00:00:00', 0, 0, '0', '0', 0, '0', 0, 15, 25, '', 0),
(557, '0000-00-00 00:00:00', '0000-00-00 00:00:00', 0, 0, '0', '0', 0, '0', 0, 15, 26, '', 0),
(558, '0000-00-00 00:00:00', '0000-00-00 00:00:00', 0, 0, '0', '0', 0, '0', 0, 15, 27, '', 0),
(559, '0000-00-00 00:00:00', '0000-00-00 00:00:00', 0, 0, '0', '0', 0, '0', 0, 15, 28, '', 0),
(560, '0000-00-00 00:00:00', '0000-00-00 00:00:00', 0, 0, '0', '0', 0, '0', 0, 15, 29, '', 0),
(561, '0000-00-00 00:00:00', '0000-00-00 00:00:00', 0, 0, '0', '0', 0, '0', 0, 15, 30, '', 0),
(562, '0000-00-00 00:00:00', '0000-00-00 00:00:00', 0, 0, '0', '0', 0, '0', 0, 15, 9, '', 0),
(563, '0000-00-00 00:00:00', '0000-00-00 00:00:00', 0, 0, '0', '0', 0, '0', 0, 15, 10, '', 0),
(564, '0000-00-00 00:00:00', '0000-00-00 00:00:00', 0, 0, '0', '0', 0, '0', 0, 15, 11, '', 0),
(565, '0000-00-00 00:00:00', '0000-00-00 00:00:00', 0, 0, '0', '0', 0, '0', 0, 15, 12, '', 0),
(566, '0000-00-00 00:00:00', '0000-00-00 00:00:00', 0, 0, '0', '0', 0, '0', 0, 15, 13, '', 0),
(567, '0000-00-00 00:00:00', '0000-00-00 00:00:00', 0, 0, '0', '0', 0, '0', 0, 15, 14, '', 0),
(568, '0000-00-00 00:00:00', '0000-00-00 00:00:00', 0, 0, '0', '0', 0, '0', 0, 15, 15, '', 0),
(569, '0000-00-00 00:00:00', '0000-00-00 00:00:00', 0, 0, '0', '0', 0, '0', 0, 15, 16, '', 0),
(570, '0000-00-00 00:00:00', '0000-00-00 00:00:00', 0, 0, '0', '0', 0, '0', 0, 15, 17, '', 0),
(571, '0000-00-00 00:00:00', '0000-00-00 00:00:00', 0, 0, '0', '0', 0, '0', 0, 15, 18, '', 0),
(572, '0000-00-00 00:00:00', '0000-00-00 00:00:00', 0, 0, '0', '0', 0, '0', 0, 15, 19, '', 0),
(573, '0000-00-00 00:00:00', '0000-00-00 00:00:00', 0, 0, '0', '0', 0, '0', 0, 15, 20, '', 0),
(574, '0000-00-00 00:00:00', '0000-00-00 00:00:00', 0, 0, '0', '0', 0, '0', 0, 15, 21, '', 0),
(575, '0000-00-00 00:00:00', '0000-00-00 00:00:00', 0, 0, '0', '0', 0, '0', 0, 15, 22, '', 0),
(576, '0000-00-00 00:00:00', '0000-00-00 00:00:00', 0, 0, '0', '0', 0, '0', 0, 15, 23, '', 0),
(577, '0000-00-00 00:00:00', '0000-00-00 00:00:00', 0, 0, '0', '0', 0, '0', 0, 15, 24, '', 0),
(578, '0000-00-00 00:00:00', '0000-00-00 00:00:00', 0, 0, '0', '0', 0, '0', 0, 15, 25, '', 0),
(579, '0000-00-00 00:00:00', '0000-00-00 00:00:00', 0, 0, '0', '0', 0, '0', 0, 15, 26, '', 0),
(580, '0000-00-00 00:00:00', '0000-00-00 00:00:00', 0, 0, '0', '0', 0, '0', 0, 15, 27, '', 0),
(581, '0000-00-00 00:00:00', '0000-00-00 00:00:00', 0, 0, '0', '0', 0, '0', 0, 15, 28, '', 0),
(582, '0000-00-00 00:00:00', '0000-00-00 00:00:00', 0, 0, '0', '0', 0, '0', 0, 15, 29, '', 0),
(583, '0000-00-00 00:00:00', '0000-00-00 00:00:00', 0, 0, '0', '0', 0, '0', 0, 15, 30, '', 0),
(584, '0000-00-00 00:00:00', '0000-00-00 00:00:00', 0, 0, '0', '0', 0, '0', 0, 15, 9, '', 0),
(585, '0000-00-00 00:00:00', '0000-00-00 00:00:00', 0, 0, '0', '0', 0, '0', 0, 15, 10, '', 0),
(586, '0000-00-00 00:00:00', '0000-00-00 00:00:00', 0, 0, '0', '0', 0, '0', 0, 15, 11, '', 0),
(587, '0000-00-00 00:00:00', '0000-00-00 00:00:00', 0, 0, '0', '0', 0, '0', 0, 15, 12, '', 0),
(588, '0000-00-00 00:00:00', '0000-00-00 00:00:00', 0, 0, '0', '0', 0, '0', 0, 15, 13, '', 0),
(589, '0000-00-00 00:00:00', '0000-00-00 00:00:00', 0, 0, '0', '0', 0, '0', 0, 15, 14, '', 0),
(590, '0000-00-00 00:00:00', '0000-00-00 00:00:00', 0, 0, '0', '0', 0, '0', 0, 15, 15, '', 0),
(591, '0000-00-00 00:00:00', '0000-00-00 00:00:00', 0, 0, '0', '0', 0, '0', 0, 15, 16, '', 0),
(592, '0000-00-00 00:00:00', '0000-00-00 00:00:00', 0, 0, '0', '0', 0, '0', 0, 15, 17, '', 0),
(593, '0000-00-00 00:00:00', '0000-00-00 00:00:00', 0, 0, '0', '0', 0, '0', 0, 15, 18, '', 0),
(594, '0000-00-00 00:00:00', '0000-00-00 00:00:00', 0, 0, '0', '0', 0, '0', 0, 15, 19, '', 0),
(595, '2016-08-16 23:16:40', '2016-08-16 23:16:38', 0, 0, '最后成绩', '0', 0, '0', 0, 18, 20, 'C语言结构与语言环境', 0),
(596, '0000-00-00 00:00:00', '0000-00-00 00:00:00', 0, 0, '0', '0', 0, '0', 0, 18, 21, '', 0),
(597, '2016-08-25 23:13:07', '0000-00-00 00:00:00', 0, 0, '0', '0', 0, '0', 0, 18, 22, '循环结构的程序设计', 0),
(598, '2016-08-16 23:13:30', '0000-00-00 00:00:00', 0, 0, '0', '0', 0, '0', 0, 18, 23, '算法过程模拟——真假话问题的算法设计', 0),
(599, '0000-00-00 00:00:00', '0000-00-00 00:00:00', 0, 0, '0', '0', 0, '0', 0, 18, 24, '', 0),
(600, '0000-00-00 00:00:00', '0000-00-00 00:00:00', 0, 0, '0', '0', 0, '0', 0, 18, 25, '', 0),
(601, '0000-00-00 00:00:00', '0000-00-00 00:00:00', 0, 0, '0', '0', 0, '0', 0, 18, 26, '', 0),
(602, '0000-00-00 00:00:00', '0000-00-00 00:00:00', 0, 0, '0', '0', 0, '0', 0, 18, 27, '', 0),
(603, '0000-00-00 00:00:00', '0000-00-00 00:00:00', 0, 0, '0', '0', 0, '0', 0, 18, 28, '', 0),
(604, '0000-00-00 00:00:00', '0000-00-00 00:00:00', 0, 0, '0', '0', 0, '0', 0, 18, 29, '', 0),
(605, '0000-00-00 00:00:00', '0000-00-00 00:00:00', 0, 0, '0', '0', 0, '0', 0, 18, 30, '', 0),
(606, '0000-00-00 00:00:00', '0000-00-00 00:00:00', 0, 0, '0', '0', 0, '0', 0, 18, 9, '', 0),
(607, '0000-00-00 00:00:00', '0000-00-00 00:00:00', 0, 0, '0', '0', 0, '0', 0, 18, 10, '', 0),
(608, '0000-00-00 00:00:00', '0000-00-00 00:00:00', 0, 0, '0', '0', 0, '0', 0, 18, 11, '', 0),
(609, '0000-00-00 00:00:00', '0000-00-00 00:00:00', 0, 0, '0', '0', 0, '0', 0, 18, 12, '', 0),
(610, '0000-00-00 00:00:00', '0000-00-00 00:00:00', 0, 0, '0', '0', 0, '0', 0, 18, 13, '', 0),
(611, '0000-00-00 00:00:00', '0000-00-00 00:00:00', 0, 0, '0', '0', 0, '0', 0, 18, 14, '', 0),
(612, '0000-00-00 00:00:00', '0000-00-00 00:00:00', 0, 0, '0', '0', 0, '0', 0, 18, 15, '', 0),
(613, '0000-00-00 00:00:00', '0000-00-00 00:00:00', 0, 0, '0', '0', 0, '0', 0, 18, 16, '', 0),
(614, '0000-00-00 00:00:00', '0000-00-00 00:00:00', 0, 0, '0', '0', 0, '0', 0, 18, 17, '', 0),
(615, '0000-00-00 00:00:00', '0000-00-00 00:00:00', 0, 0, '0', '0', 0, '0', 0, 18, 18, '', 0),
(616, '0000-00-00 00:00:00', '0000-00-00 00:00:00', 0, 0, '0', '0', 0, '0', 0, 18, 19, '', 0),
(617, '0000-00-00 00:00:00', '0000-00-00 00:00:00', 0, 0, '0', '0', 0, '0', 0, 18, 20, '', 0),
(618, '0000-00-00 00:00:00', '0000-00-00 00:00:00', 0, 0, '0', '0', 0, '0', 0, 18, 21, '', 0),
(619, '0000-00-00 00:00:00', '0000-00-00 00:00:00', 0, 0, '0', '0', 0, '0', 0, 18, 22, '', 0),
(620, '0000-00-00 00:00:00', '0000-00-00 00:00:00', 0, 0, '0', '0', 0, '0', 0, 18, 23, '', 0),
(621, '0000-00-00 00:00:00', '0000-00-00 00:00:00', 0, 0, '0', '0', 0, '0', 0, 18, 24, '', 0),
(622, '0000-00-00 00:00:00', '0000-00-00 00:00:00', 0, 0, '0', '0', 0, '0', 0, 18, 25, '', 0),
(623, '0000-00-00 00:00:00', '0000-00-00 00:00:00', 0, 0, '0', '0', 0, '0', 0, 18, 26, '', 0),
(624, '0000-00-00 00:00:00', '0000-00-00 00:00:00', 0, 0, '0', '0', 0, '0', 0, 18, 27, '', 0),
(625, '0000-00-00 00:00:00', '0000-00-00 00:00:00', 0, 0, '0', '0', 0, '0', 0, 18, 28, '', 0),
(626, '0000-00-00 00:00:00', '0000-00-00 00:00:00', 0, 0, '0', '0', 0, '0', 0, 18, 29, '', 0),
(627, '0000-00-00 00:00:00', '0000-00-00 00:00:00', 0, 0, '0', '0', 0, '0', 0, 18, 30, '', 0),
(628, '0000-00-00 00:00:00', '0000-00-00 00:00:00', 0, 0, '0', '0', 0, '0', 0, 18, 9, '', 0),
(629, '0000-00-00 00:00:00', '0000-00-00 00:00:00', 0, 0, '0', '0', 0, '0', 0, 18, 10, '', 0),
(630, '0000-00-00 00:00:00', '0000-00-00 00:00:00', 0, 0, '0', '0', 0, '0', 0, 18, 11, '', 0),
(631, '0000-00-00 00:00:00', '0000-00-00 00:00:00', 0, 0, '0', '0', 0, '0', 0, 18, 12, '', 0),
(632, '0000-00-00 00:00:00', '0000-00-00 00:00:00', 0, 0, '0', '0', 0, '0', 0, 18, 13, '', 0),
(633, '0000-00-00 00:00:00', '0000-00-00 00:00:00', 0, 0, '0', '0', 0, '0', 0, 18, 14, '', 0),
(634, '0000-00-00 00:00:00', '0000-00-00 00:00:00', 0, 0, '0', '0', 0, '0', 0, 18, 15, '', 0),
(635, '0000-00-00 00:00:00', '0000-00-00 00:00:00', 0, 0, '0', '0', 0, '0', 0, 18, 16, '', 0),
(636, '0000-00-00 00:00:00', '0000-00-00 00:00:00', 0, 0, '0', '0', 0, '0', 0, 18, 17, '', 0),
(637, '0000-00-00 00:00:00', '0000-00-00 00:00:00', 0, 0, '0', '0', 0, '0', 0, 18, 18, '', 0),
(638, '0000-00-00 00:00:00', '0000-00-00 00:00:00', 0, 0, '0', '0', 0, '0', 0, 18, 19, '', 0),
(639, '0000-00-00 00:00:00', '0000-00-00 00:00:00', 0, 0, '0', '0', 0, '0', 0, 15, 20, '', 0),
(640, '0000-00-00 00:00:00', '0000-00-00 00:00:00', 0, 0, '0', '0', 0, '0', 0, 15, 21, '', 0),
(641, '0000-00-00 00:00:00', '0000-00-00 00:00:00', 0, 0, '0', '0', 0, '0', 0, 15, 22, '', 0),
(642, '0000-00-00 00:00:00', '0000-00-00 00:00:00', 0, 0, '0', '0', 0, '0', 0, 15, 23, '', 0),
(643, '0000-00-00 00:00:00', '0000-00-00 00:00:00', 0, 0, '0', '0', 0, '0', 0, 15, 24, '', 0),
(644, '0000-00-00 00:00:00', '0000-00-00 00:00:00', 0, 0, '0', '0', 0, '0', 0, 15, 25, '', 0),
(645, '0000-00-00 00:00:00', '0000-00-00 00:00:00', 0, 0, '0', '0', 0, '0', 0, 15, 26, '', 0),
(646, '0000-00-00 00:00:00', '0000-00-00 00:00:00', 0, 0, '0', '0', 0, '0', 0, 15, 27, '', 0),
(647, '0000-00-00 00:00:00', '0000-00-00 00:00:00', 0, 0, '0', '0', 0, '0', 0, 15, 28, '', 0),
(648, '0000-00-00 00:00:00', '0000-00-00 00:00:00', 0, 0, '0', '0', 0, '0', 0, 15, 29, '', 0),
(649, '0000-00-00 00:00:00', '0000-00-00 00:00:00', 0, 0, '0', '0', 0, '0', 0, 15, 30, '', 0),
(650, '0000-00-00 00:00:00', '0000-00-00 00:00:00', 0, 0, '0', '0', 0, '0', 0, 15, 9, '', 0),
(651, '0000-00-00 00:00:00', '0000-00-00 00:00:00', 0, 0, '0', '0', 0, '0', 0, 15, 10, '', 0),
(652, '0000-00-00 00:00:00', '0000-00-00 00:00:00', 0, 0, '0', '0', 0, '0', 0, 15, 11, '', 0),
(653, '0000-00-00 00:00:00', '0000-00-00 00:00:00', 0, 0, '0', '0', 0, '0', 0, 15, 12, '', 0),
(654, '0000-00-00 00:00:00', '0000-00-00 00:00:00', 0, 0, '0', '0', 0, '0', 0, 15, 13, '', 0),
(655, '0000-00-00 00:00:00', '0000-00-00 00:00:00', 0, 0, '0', '0', 0, '0', 0, 15, 14, '', 0),
(656, '0000-00-00 00:00:00', '0000-00-00 00:00:00', 0, 0, '0', '0', 0, '0', 0, 15, 15, '', 0),
(657, '0000-00-00 00:00:00', '0000-00-00 00:00:00', 0, 0, '0', '0', 0, '0', 0, 15, 16, '', 0),
(658, '0000-00-00 00:00:00', '0000-00-00 00:00:00', 0, 0, '0', '0', 0, '0', 0, 15, 17, '', 0),
(659, '0000-00-00 00:00:00', '0000-00-00 00:00:00', 0, 0, '0', '0', 0, '0', 0, 15, 18, '', 0),
(660, '0000-00-00 00:00:00', '0000-00-00 00:00:00', 0, 0, '0', '0', 0, '0', 0, 15, 19, '', 0),
(661, '0000-00-00 00:00:00', '0000-00-00 00:00:00', 0, 0, '0', '0', 0, '0', 0, 15, 20, '', 0),
(662, '0000-00-00 00:00:00', '0000-00-00 00:00:00', 0, 0, '0', '0', 0, '0', 0, 15, 21, '', 0),
(663, '0000-00-00 00:00:00', '0000-00-00 00:00:00', 0, 0, '0', '0', 0, '0', 0, 15, 22, '', 0),
(664, '0000-00-00 00:00:00', '0000-00-00 00:00:00', 0, 0, '0', '0', 0, '0', 0, 15, 23, '', 0),
(665, '0000-00-00 00:00:00', '0000-00-00 00:00:00', 0, 0, '0', '0', 0, '0', 0, 15, 24, '', 0),
(666, '0000-00-00 00:00:00', '0000-00-00 00:00:00', 0, 0, '0', '0', 0, '0', 0, 15, 25, '', 0),
(667, '0000-00-00 00:00:00', '0000-00-00 00:00:00', 0, 0, '0', '0', 0, '0', 0, 15, 26, '', 0),
(668, '0000-00-00 00:00:00', '0000-00-00 00:00:00', 0, 0, '0', '0', 0, '0', 0, 15, 27, '', 0),
(669, '0000-00-00 00:00:00', '0000-00-00 00:00:00', 0, 0, '0', '0', 0, '0', 0, 15, 28, '', 0),
(670, '0000-00-00 00:00:00', '0000-00-00 00:00:00', 0, 0, '0', '0', 0, '0', 0, 15, 29, '', 0),
(671, '0000-00-00 00:00:00', '0000-00-00 00:00:00', 0, 0, '0', '0', 0, '0', 0, 15, 30, '', 0),
(672, '0000-00-00 00:00:00', '0000-00-00 00:00:00', 0, 0, '0', '0', 0, '0', 0, 15, 9, '', 0),
(673, '0000-00-00 00:00:00', '0000-00-00 00:00:00', 0, 0, '0', '0', 0, '0', 0, 15, 10, '', 0),
(674, '0000-00-00 00:00:00', '0000-00-00 00:00:00', 0, 0, '0', '0', 0, '0', 0, 15, 11, '', 0),
(675, '0000-00-00 00:00:00', '0000-00-00 00:00:00', 0, 0, '0', '0', 0, '0', 0, 15, 12, '', 0),
(676, '0000-00-00 00:00:00', '0000-00-00 00:00:00', 0, 0, '0', '0', 0, '0', 0, 15, 13, '', 0),
(677, '0000-00-00 00:00:00', '0000-00-00 00:00:00', 0, 0, '0', '0', 0, '0', 0, 15, 14, '', 0),
(678, '0000-00-00 00:00:00', '0000-00-00 00:00:00', 0, 0, '0', '0', 0, '0', 0, 15, 15, '', 0),
(679, '0000-00-00 00:00:00', '0000-00-00 00:00:00', 0, 0, '0', '0', 0, '0', 0, 15, 16, '', 0),
(680, '0000-00-00 00:00:00', '0000-00-00 00:00:00', 0, 0, '0', '0', 0, '0', 0, 15, 17, '', 0),
(681, '0000-00-00 00:00:00', '0000-00-00 00:00:00', 0, 0, '0', '0', 0, '0', 0, 15, 18, '', 0),
(682, '0000-00-00 00:00:00', '0000-00-00 00:00:00', 0, 0, '0', '0', 0, '0', 0, 15, 19, '', 0),
(683, '0000-00-00 00:00:00', '0000-00-00 00:00:00', 0, 0, '0', '0', 0, '0', 0, 15, 20, '', 0),
(684, '0000-00-00 00:00:00', '0000-00-00 00:00:00', 0, 0, '0', '0', 0, '0', 0, 15, 21, '', 0),
(685, '0000-00-00 00:00:00', '0000-00-00 00:00:00', 0, 0, '0', '0', 0, '0', 0, 15, 22, '', 0),
(686, '0000-00-00 00:00:00', '0000-00-00 00:00:00', 0, 0, '0', '0', 0, '0', 0, 15, 23, '', 0),
(687, '0000-00-00 00:00:00', '0000-00-00 00:00:00', 0, 0, '0', '0', 0, '0', 0, 15, 24, '', 0),
(688, '0000-00-00 00:00:00', '0000-00-00 00:00:00', 0, 0, '0', '0', 0, '0', 0, 15, 25, '', 0),
(689, '0000-00-00 00:00:00', '0000-00-00 00:00:00', 0, 0, '0', '0', 0, '0', 0, 15, 26, '', 0),
(690, '0000-00-00 00:00:00', '0000-00-00 00:00:00', 0, 0, '0', '0', 0, '0', 0, 15, 27, '', 0),
(691, '0000-00-00 00:00:00', '0000-00-00 00:00:00', 0, 0, '0', '0', 0, '0', 0, 15, 28, '', 0),
(692, '0000-00-00 00:00:00', '0000-00-00 00:00:00', 0, 0, '0', '0', 0, '0', 0, 15, 29, '', 0),
(693, '0000-00-00 00:00:00', '0000-00-00 00:00:00', 0, 0, '0', '0', 0, '0', 0, 15, 30, '', 0),
(694, '0000-00-00 00:00:00', '0000-00-00 00:00:00', 0, 0, '0', '0', 0, '0', 0, 15, 9, '', 0),
(695, '0000-00-00 00:00:00', '0000-00-00 00:00:00', 0, 0, '0', '0', 0, '0', 0, 15, 10, '', 0),
(696, '0000-00-00 00:00:00', '0000-00-00 00:00:00', 0, 0, '0', '0', 0, '0', 0, 15, 11, '', 0),
(697, '0000-00-00 00:00:00', '0000-00-00 00:00:00', 0, 0, '0', '0', 0, '0', 0, 15, 12, '', 0),
(698, '0000-00-00 00:00:00', '0000-00-00 00:00:00', 0, 0, '0', '0', 0, '0', 0, 15, 13, '', 0),
(699, '0000-00-00 00:00:00', '0000-00-00 00:00:00', 0, 0, '0', '0', 0, '0', 0, 15, 14, '', 0),
(700, '0000-00-00 00:00:00', '0000-00-00 00:00:00', 0, 0, '0', '0', 0, '0', 0, 15, 15, '', 0),
(701, '0000-00-00 00:00:00', '0000-00-00 00:00:00', 0, 0, '0', '0', 0, '0', 0, 15, 16, '', 0),
(702, '0000-00-00 00:00:00', '0000-00-00 00:00:00', 0, 0, '0', '0', 0, '0', 0, 15, 17, '', 0),
(703, '0000-00-00 00:00:00', '0000-00-00 00:00:00', 0, 0, '0', '0', 0, '0', 0, 15, 18, '', 0),
(704, '0000-00-00 00:00:00', '0000-00-00 00:00:00', 0, 0, '0', '0', 0, '0', 0, 15, 19, '', 0),
(705, '0000-00-00 00:00:00', '0000-00-00 00:00:00', 0, 0, '0', '0', 0, '0', 0, 18, 20, '', 0),
(706, '0000-00-00 00:00:00', '0000-00-00 00:00:00', 0, 0, '0', '0', 0, '0', 0, 18, 21, '', 0),
(707, '0000-00-00 00:00:00', '0000-00-00 00:00:00', 0, 0, '0', '0', 0, '0', 0, 18, 22, '', 0),
(708, '0000-00-00 00:00:00', '0000-00-00 00:00:00', 0, 0, '0', '0', 0, '0', 0, 18, 23, '', 0),
(709, '0000-00-00 00:00:00', '0000-00-00 00:00:00', 0, 0, '0', '0', 0, '0', 0, 18, 24, '', 0),
(710, '0000-00-00 00:00:00', '0000-00-00 00:00:00', 0, 0, '0', '0', 0, '0', 0, 18, 25, '', 0),
(711, '0000-00-00 00:00:00', '0000-00-00 00:00:00', 0, 0, '0', '0', 0, '0', 0, 18, 26, '', 0),
(712, '0000-00-00 00:00:00', '0000-00-00 00:00:00', 0, 0, '0', '0', 0, '0', 0, 18, 27, '', 0),
(713, '0000-00-00 00:00:00', '0000-00-00 00:00:00', 0, 0, '0', '0', 0, '0', 0, 18, 28, '', 0),
(714, '0000-00-00 00:00:00', '0000-00-00 00:00:00', 0, 0, '0', '0', 0, '0', 0, 18, 29, '', 0),
(715, '0000-00-00 00:00:00', '0000-00-00 00:00:00', 0, 0, '0', '0', 0, '0', 0, 18, 30, '', 0),
(716, '0000-00-00 00:00:00', '0000-00-00 00:00:00', 0, 0, '0', '0', 0, '0', 0, 18, 9, '', 0),
(717, '0000-00-00 00:00:00', '0000-00-00 00:00:00', 0, 0, '0', '0', 0, '0', 0, 18, 10, '', 0),
(718, '0000-00-00 00:00:00', '0000-00-00 00:00:00', 0, 0, '0', '0', 0, '0', 0, 18, 11, '', 0),
(719, '0000-00-00 00:00:00', '0000-00-00 00:00:00', 0, 0, '0', '0', 0, '0', 0, 18, 12, '', 0),
(720, '0000-00-00 00:00:00', '0000-00-00 00:00:00', 0, 0, '0', '0', 0, '0', 0, 18, 13, '', 0),
(721, '0000-00-00 00:00:00', '0000-00-00 00:00:00', 0, 0, '0', '0', 0, '0', 0, 18, 14, '', 0),
(722, '0000-00-00 00:00:00', '0000-00-00 00:00:00', 0, 0, '0', '0', 0, '0', 0, 18, 15, '', 0),
(723, '0000-00-00 00:00:00', '0000-00-00 00:00:00', 0, 0, '0', '0', 0, '0', 0, 18, 16, '', 0),
(724, '0000-00-00 00:00:00', '0000-00-00 00:00:00', 0, 0, '0', '0', 0, '0', 0, 18, 17, '', 0),
(725, '0000-00-00 00:00:00', '0000-00-00 00:00:00', 0, 0, '0', '0', 0, '0', 0, 18, 18, '', 0),
(726, '0000-00-00 00:00:00', '0000-00-00 00:00:00', 0, 0, '0', '0', 0, '0', 0, 18, 19, '', 0),
(727, '0000-00-00 00:00:00', '0000-00-00 00:00:00', 8, 8, '最高分', '最后成绩', 0, '8', 0, 19, 20, '8结构与语言环境', 0),
(728, '0000-00-00 00:00:00', '0000-00-00 00:00:00', 0, 0, '0', '0', 0, '0', 0, 19, 21, '选择结构的程序设计', 0),
(729, '0000-00-00 00:00:00', '0000-00-00 00:00:00', 0, 0, '0', '0', 0, '0', 0, 19, 22, '循环结构的程序设计', 0),
(730, '0000-00-00 00:00:00', '0000-00-00 00:00:00', 0, 0, '0', '0', 0, '0', 0, 19, 23, '算法过程模拟——真假话问题的算法设计', 0),
(731, '0000-00-00 00:00:00', '0000-00-00 00:00:00', 0, 0, '0', '0', 0, '0', 0, 19, 24, '数组的存储原理仿真', 0),
(732, '0000-00-00 00:00:00', '0000-00-00 00:00:00', 0, 0, '0', '0', 0, '0', 0, 19, 25, '排序算法模拟', 0),
(733, '0000-00-00 00:00:00', '0000-00-00 00:00:00', 0, 0, '0', '0', 0, '0', 0, 19, 26, '汉诺塔问题原理模拟', 0),
(734, '0000-00-00 00:00:00', '0000-00-00 00:00:00', 0, 0, '0', '0', 0, '0', 0, 19, 27, '函数递归过程仿真——二分法查找法', 0),
(735, '0000-00-00 00:00:00', '0000-00-00 00:00:00', 0, 0, '0', '0', 0, '0', 0, 19, 28, '指针的程序设计', 0),
(736, '0000-00-00 00:00:00', '0000-00-00 00:00:00', 0, 0, '0', '0', 0, '0', 0, 19, 29, '结构的程序设计', 0),
(737, '0000-00-00 00:00:00', '0000-00-00 00:00:00', 0, 0, '0', '0', 0, '0', 0, 19, 30, '链表动态过程动画', 0),
(738, '0000-00-00 00:00:00', '0000-00-00 00:00:00', 0, 0, '0', '0', 0, '0', 0, 19, 9, '计算机硬件系统虚拟拆装', 0),
(739, '0000-00-00 00:00:00', '0000-00-00 00:00:00', 0, 0, '0', '0', 0, '0', 0, 19, 10, '数据表示与计算', 0),
(740, '0000-00-00 00:00:00', '0000-00-00 00:00:00', 0, 0, '0', '0', 0, '0', 0, 19, 11, '字符编码转换过程模拟', 0),
(741, '0000-00-00 00:00:00', '0000-00-00 00:00:00', 0, 0, '0', '0', 0, '0', 0, 19, 12, '磁盘文件管理', 0),
(742, '0000-00-00 00:00:00', '0000-00-00 00:00:00', 0, 0, '0', '0', 0, '0', 0, 19, 13, '网络通信过程仿真', 0),
(743, '0000-00-00 00:00:00', '0000-00-00 00:00:00', 0, 0, '0', '0', 0, '0', 0, 19, 14, '计算机病毒攻击过程模拟', 0),
(744, '0000-00-00 00:00:00', '0000-00-00 00:00:00', 0, 0, '最高分', '0', 0, '不显示', 0, 19, 15, '多媒体信息处理', 0),
(745, '2016-08-16 23:30:43', '0000-00-00 00:00:00', 0, 0, '0', '0', 0, '0', 0, 19, 16, '文字处理与编排', 0),
(746, '2016-08-16 23:30:41', '0000-00-00 00:00:00', 0, 0, '0', '0', 0, '0', 0, 19, 17, '电子表格处理', 0),
(747, '2016-08-16 23:32:17', '0000-00-00 00:00:00', 0, 0, '0', '0', 0, '0', 0, 19, 18, '幻灯片制作', 0),
(748, '2016-08-16 23:30:36', '0000-00-00 00:00:00', 0, 0, '0', '0', 0, '0', 0, 19, 19, '虚拟数据库操作', 0),
(749, '0000-00-00 00:00:00', '0000-00-00 00:00:00', 0, 0, '0', '0', 0, '0', 0, 19, 20, 'C语言结构与语言环境', 0),
(750, '0000-00-00 00:00:00', '0000-00-00 00:00:00', 0, 0, '0', '0', 0, '0', 0, 19, 21, '选择结构的程序设计', 0),
(751, '2016-08-16 23:32:19', '0000-00-00 00:00:00', 0, 0, '0', '0', 0, '0', 0, 19, 22, '循环结构的程序设计', 0),
(752, '0000-00-00 00:00:00', '0000-00-00 00:00:00', 0, 0, '0', '0', 0, '0', 0, 19, 23, '', 0),
(753, '0000-00-00 00:00:00', '0000-00-00 00:00:00', 0, 0, '0', '0', 0, '0', 0, 19, 24, '', 0),
(754, '0000-00-00 00:00:00', '0000-00-00 00:00:00', 0, 0, '0', '0', 0, '0', 0, 19, 25, '', 0),
(755, '0000-00-00 00:00:00', '0000-00-00 00:00:00', 0, 0, '0', '0', 0, '0', 0, 19, 26, '', 0),
(756, '0000-00-00 00:00:00', '0000-00-00 00:00:00', 0, 0, '0', '0', 0, '0', 0, 19, 27, '', 0),
(757, '0000-00-00 00:00:00', '0000-00-00 00:00:00', 0, 0, '0', '0', 0, '0', 0, 19, 28, '', 0),
(758, '0000-00-00 00:00:00', '0000-00-00 00:00:00', 0, 0, '0', '0', 0, '0', 0, 19, 29, '', 0),
(759, '0000-00-00 00:00:00', '0000-00-00 00:00:00', 0, 0, '0', '0', 0, '0', 0, 19, 30, '', 0),
(760, '0000-00-00 00:00:00', '0000-00-00 00:00:00', 0, 0, '0', '0', 0, '0', 0, 19, 9, '', 0),
(761, '0000-00-00 00:00:00', '0000-00-00 00:00:00', 0, 0, '0', '0', 0, '0', 0, 19, 10, '', 0),
(762, '0000-00-00 00:00:00', '0000-00-00 00:00:00', 0, 0, '0', '0', 0, '0', 0, 19, 11, '', 0),
(763, '0000-00-00 00:00:00', '0000-00-00 00:00:00', 0, 0, '0', '0', 0, '0', 0, 19, 12, '', 0),
(764, '0000-00-00 00:00:00', '0000-00-00 00:00:00', 0, 0, '0', '0', 0, '0', 0, 19, 13, '', 0),
(765, '0000-00-00 00:00:00', '0000-00-00 00:00:00', 0, 0, '0', '0', 0, '0', 0, 19, 14, '', 0),
(766, '0000-00-00 00:00:00', '0000-00-00 00:00:00', 0, 0, '0', '0', 0, '0', 0, 19, 15, '', 0),
(767, '0000-00-00 00:00:00', '0000-00-00 00:00:00', 0, 0, '0', '0', 0, '0', 0, 19, 16, '', 0),
(768, '0000-00-00 00:00:00', '0000-00-00 00:00:00', 0, 0, '0', '0', 0, '0', 0, 19, 17, '', 0),
(769, '0000-00-00 00:00:00', '0000-00-00 00:00:00', 0, 0, '0', '0', 0, '0', 0, 19, 18, '', 0),
(770, '0000-00-00 00:00:00', '0000-00-00 00:00:00', 0, 0, '0', '0', 0, '0', 0, 19, 19, '', 0),
(771, '0000-00-00 00:00:00', '0000-00-00 00:00:00', 0, 0, '0', '0', 0, '0', 0, 18, 20, '', 0),
(772, '0000-00-00 00:00:00', '0000-00-00 00:00:00', 0, 0, '0', '0', 0, '0', 0, 18, 21, '', 0),
(773, '0000-00-00 00:00:00', '0000-00-00 00:00:00', 0, 0, '0', '0', 0, '0', 0, 18, 22, '', 0),
(774, '0000-00-00 00:00:00', '0000-00-00 00:00:00', 0, 0, '0', '0', 0, '0', 0, 18, 23, '', 0),
(775, '0000-00-00 00:00:00', '0000-00-00 00:00:00', 0, 0, '0', '0', 0, '0', 0, 18, 24, '', 0),
(776, '0000-00-00 00:00:00', '0000-00-00 00:00:00', 0, 0, '0', '0', 0, '0', 0, 18, 25, '', 0),
(777, '0000-00-00 00:00:00', '0000-00-00 00:00:00', 0, 0, '0', '0', 0, '0', 0, 18, 26, '', 0),
(778, '0000-00-00 00:00:00', '0000-00-00 00:00:00', 0, 0, '0', '0', 0, '0', 0, 18, 27, '', 0),
(779, '0000-00-00 00:00:00', '0000-00-00 00:00:00', 0, 0, '0', '0', 0, '0', 0, 18, 28, '', 0),
(780, '0000-00-00 00:00:00', '0000-00-00 00:00:00', 0, 0, '0', '0', 0, '0', 0, 18, 29, '', 0),
(781, '0000-00-00 00:00:00', '0000-00-00 00:00:00', 0, 0, '0', '0', 0, '0', 0, 18, 30, '', 0),
(782, '0000-00-00 00:00:00', '0000-00-00 00:00:00', 0, 0, '0', '0', 0, '0', 0, 18, 9, '', 0),
(783, '0000-00-00 00:00:00', '0000-00-00 00:00:00', 0, 0, '0', '0', 0, '0', 0, 18, 10, '', 0),
(784, '0000-00-00 00:00:00', '0000-00-00 00:00:00', 0, 0, '0', '0', 0, '0', 0, 18, 11, '', 0),
(785, '0000-00-00 00:00:00', '0000-00-00 00:00:00', 0, 0, '0', '0', 0, '0', 0, 18, 12, '', 0),
(786, '0000-00-00 00:00:00', '0000-00-00 00:00:00', 0, 0, '0', '0', 0, '0', 0, 18, 13, '', 0),
(787, '0000-00-00 00:00:00', '0000-00-00 00:00:00', 0, 0, '0', '0', 0, '0', 0, 18, 14, '', 0),
(788, '0000-00-00 00:00:00', '0000-00-00 00:00:00', 0, 0, '0', '0', 0, '0', 0, 18, 15, '', 0),
(789, '0000-00-00 00:00:00', '0000-00-00 00:00:00', 0, 0, '0', '0', 0, '0', 0, 18, 16, '', 0),
(790, '0000-00-00 00:00:00', '0000-00-00 00:00:00', 0, 0, '0', '0', 0, '0', 0, 18, 17, '', 0),
(791, '0000-00-00 00:00:00', '0000-00-00 00:00:00', 0, 0, '0', '0', 0, '0', 0, 18, 18, '', 0),
(792, '0000-00-00 00:00:00', '0000-00-00 00:00:00', 0, 0, '0', '0', 0, '0', 0, 18, 19, '', 0),
(793, '0000-00-00 00:00:00', '0000-00-00 00:00:00', 0, 0, '0', '0', 0, '0', 0, 19, 20, '', 0),
(794, '0000-00-00 00:00:00', '0000-00-00 00:00:00', 0, 0, '0', '0', 0, '0', 0, 19, 21, '', 0),
(795, '0000-00-00 00:00:00', '0000-00-00 00:00:00', 0, 0, '0', '0', 0, '0', 0, 19, 22, '', 0),
(796, '0000-00-00 00:00:00', '0000-00-00 00:00:00', 0, 0, '0', '0', 0, '0', 0, 19, 23, '', 0),
(797, '0000-00-00 00:00:00', '0000-00-00 00:00:00', 0, 0, '0', '0', 0, '0', 0, 19, 24, '', 0),
(798, '0000-00-00 00:00:00', '0000-00-00 00:00:00', 0, 0, '0', '0', 0, '0', 0, 19, 25, '', 0),
(799, '0000-00-00 00:00:00', '0000-00-00 00:00:00', 0, 0, '0', '0', 0, '0', 0, 19, 26, '', 0),
(800, '0000-00-00 00:00:00', '0000-00-00 00:00:00', 0, 0, '0', '0', 0, '0', 0, 19, 27, '', 0),
(801, '0000-00-00 00:00:00', '0000-00-00 00:00:00', 0, 0, '0', '0', 0, '0', 0, 19, 28, '', 0),
(802, '0000-00-00 00:00:00', '0000-00-00 00:00:00', 0, 0, '0', '0', 0, '0', 0, 19, 29, '', 0),
(803, '0000-00-00 00:00:00', '0000-00-00 00:00:00', 0, 0, '0', '0', 0, '0', 0, 19, 30, '', 0),
(804, '0000-00-00 00:00:00', '0000-00-00 00:00:00', 0, 0, '0', '0', 0, '0', 0, 19, 9, '', 0),
(805, '0000-00-00 00:00:00', '0000-00-00 00:00:00', 0, 0, '0', '0', 0, '0', 0, 19, 10, '', 0),
(806, '0000-00-00 00:00:00', '0000-00-00 00:00:00', 0, 0, '0', '0', 0, '0', 0, 19, 11, '', 0),
(807, '0000-00-00 00:00:00', '0000-00-00 00:00:00', 0, 0, '0', '0', 0, '0', 0, 19, 12, '', 0),
(808, '0000-00-00 00:00:00', '0000-00-00 00:00:00', 0, 0, '0', '0', 0, '0', 0, 19, 13, '', 0),
(809, '0000-00-00 00:00:00', '0000-00-00 00:00:00', 0, 0, '0', '0', 0, '0', 0, 19, 14, '', 0),
(810, '0000-00-00 00:00:00', '0000-00-00 00:00:00', 0, 0, '0', '0', 0, '0', 0, 19, 15, '', 0),
(811, '0000-00-00 00:00:00', '0000-00-00 00:00:00', 0, 0, '0', '0', 0, '0', 0, 19, 16, '', 0),
(812, '0000-00-00 00:00:00', '0000-00-00 00:00:00', 0, 0, '0', '0', 0, '0', 0, 19, 17, '', 0),
(813, '0000-00-00 00:00:00', '0000-00-00 00:00:00', 0, 0, '0', '0', 0, '0', 0, 19, 18, '', 0),
(814, '0000-00-00 00:00:00', '0000-00-00 00:00:00', 0, 0, '0', '0', 0, '0', 0, 19, 19, '', 0),
(815, '0000-00-00 00:00:00', '0000-00-00 00:00:00', 0, 0, '0', '0', 0, '0', 0, 19, 20, '', 0),
(816, '0000-00-00 00:00:00', '0000-00-00 00:00:00', 0, 0, '0', '0', 0, '0', 0, 19, 21, '', 0),
(817, '0000-00-00 00:00:00', '0000-00-00 00:00:00', 0, 0, '0', '0', 0, '0', 0, 19, 22, '', 0),
(818, '0000-00-00 00:00:00', '0000-00-00 00:00:00', 0, 0, '0', '0', 0, '0', 0, 19, 23, '', 0),
(819, '0000-00-00 00:00:00', '0000-00-00 00:00:00', 0, 0, '0', '0', 0, '0', 0, 19, 24, '', 0),
(820, '0000-00-00 00:00:00', '0000-00-00 00:00:00', 0, 0, '0', '0', 0, '0', 0, 19, 25, '', 0),
(821, '0000-00-00 00:00:00', '0000-00-00 00:00:00', 0, 0, '0', '0', 0, '0', 0, 19, 26, '', 0),
(822, '0000-00-00 00:00:00', '0000-00-00 00:00:00', 0, 0, '0', '0', 0, '0', 0, 19, 27, '', 0),
(823, '0000-00-00 00:00:00', '0000-00-00 00:00:00', 0, 0, '0', '0', 0, '0', 0, 19, 28, '', 0),
(824, '0000-00-00 00:00:00', '0000-00-00 00:00:00', 0, 0, '0', '0', 0, '0', 0, 19, 29, '', 0),
(825, '0000-00-00 00:00:00', '0000-00-00 00:00:00', 0, 0, '0', '0', 0, '0', 0, 19, 30, '', 0),
(826, '0000-00-00 00:00:00', '0000-00-00 00:00:00', 0, 0, '0', '0', 0, '0', 0, 19, 9, '', 0),
(827, '0000-00-00 00:00:00', '0000-00-00 00:00:00', 0, 0, '0', '0', 0, '0', 0, 19, 10, '', 0),
(828, '0000-00-00 00:00:00', '0000-00-00 00:00:00', 0, 0, '0', '0', 0, '0', 0, 19, 11, '', 0),
(829, '0000-00-00 00:00:00', '0000-00-00 00:00:00', 0, 0, '0', '0', 0, '0', 0, 19, 12, '', 0),
(830, '0000-00-00 00:00:00', '0000-00-00 00:00:00', 0, 0, '0', '0', 0, '0', 0, 19, 13, '', 0),
(831, '0000-00-00 00:00:00', '0000-00-00 00:00:00', 0, 0, '0', '0', 0, '0', 0, 19, 14, '', 0),
(832, '0000-00-00 00:00:00', '0000-00-00 00:00:00', 0, 0, '0', '0', 0, '0', 0, 19, 15, '', 0),
(833, '0000-00-00 00:00:00', '0000-00-00 00:00:00', 0, 0, '0', '0', 0, '0', 0, 19, 16, '', 0),
(834, '0000-00-00 00:00:00', '0000-00-00 00:00:00', 0, 0, '0', '0', 0, '0', 0, 19, 17, '', 0),
(835, '0000-00-00 00:00:00', '0000-00-00 00:00:00', 0, 0, '0', '0', 0, '0', 0, 19, 18, '', 0),
(836, '0000-00-00 00:00:00', '0000-00-00 00:00:00', 0, 0, '0', '0', 0, '0', 0, 19, 19, '', 0),
(837, '0000-00-00 00:00:00', '0000-00-00 00:00:00', 0, 0, '0', '0', 0, '0', 0, 19, 20, '', 0),
(838, '0000-00-00 00:00:00', '0000-00-00 00:00:00', 0, 0, '0', '0', 0, '0', 0, 19, 21, '', 0),
(839, '0000-00-00 00:00:00', '0000-00-00 00:00:00', 0, 0, '0', '0', 0, '0', 0, 19, 22, '', 0),
(840, '0000-00-00 00:00:00', '0000-00-00 00:00:00', 0, 0, '0', '0', 0, '0', 0, 19, 23, '', 0),
(841, '0000-00-00 00:00:00', '0000-00-00 00:00:00', 0, 0, '0', '0', 0, '0', 0, 19, 24, '', 0),
(842, '0000-00-00 00:00:00', '0000-00-00 00:00:00', 0, 0, '0', '0', 0, '0', 0, 19, 25, '', 0),
(843, '0000-00-00 00:00:00', '0000-00-00 00:00:00', 0, 0, '0', '0', 0, '0', 0, 19, 26, '', 0),
(844, '0000-00-00 00:00:00', '0000-00-00 00:00:00', 0, 0, '0', '0', 0, '0', 0, 19, 27, '', 0),
(845, '0000-00-00 00:00:00', '0000-00-00 00:00:00', 0, 0, '0', '0', 0, '0', 0, 19, 28, '', 0),
(846, '0000-00-00 00:00:00', '0000-00-00 00:00:00', 0, 0, '0', '0', 0, '0', 0, 19, 29, '', 0),
(847, '0000-00-00 00:00:00', '0000-00-00 00:00:00', 0, 0, '0', '0', 0, '0', 0, 19, 30, '', 0),
(848, '0000-00-00 00:00:00', '0000-00-00 00:00:00', 0, 0, '0', '0', 0, '0', 0, 19, 9, '', 0),
(849, '0000-00-00 00:00:00', '0000-00-00 00:00:00', 0, 0, '0', '0', 0, '0', 0, 19, 10, '', 0),
(850, '0000-00-00 00:00:00', '0000-00-00 00:00:00', 0, 0, '0', '0', 0, '0', 0, 19, 11, '', 0),
(851, '0000-00-00 00:00:00', '0000-00-00 00:00:00', 0, 0, '0', '0', 0, '0', 0, 19, 12, '', 0),
(852, '0000-00-00 00:00:00', '0000-00-00 00:00:00', 0, 0, '0', '0', 0, '0', 0, 19, 13, '', 0),
(853, '0000-00-00 00:00:00', '0000-00-00 00:00:00', 0, 0, '0', '0', 0, '0', 0, 19, 14, '', 0),
(854, '0000-00-00 00:00:00', '0000-00-00 00:00:00', 0, 0, '0', '0', 0, '0', 0, 19, 15, '', 0),
(855, '0000-00-00 00:00:00', '0000-00-00 00:00:00', 0, 0, '0', '0', 0, '0', 0, 19, 16, '', 0),
(856, '0000-00-00 00:00:00', '0000-00-00 00:00:00', 0, 0, '0', '0', 0, '0', 0, 19, 17, '', 0),
(857, '0000-00-00 00:00:00', '0000-00-00 00:00:00', 0, 0, '0', '0', 0, '0', 0, 19, 18, '', 0),
(858, '0000-00-00 00:00:00', '0000-00-00 00:00:00', 0, 0, '0', '0', 0, '0', 0, 19, 19, '', 0),
(859, '0000-00-00 00:00:00', '0000-00-00 00:00:00', 0, 0, '0', '0', 0, '0', 0, 19, 20, '', 0),
(860, '0000-00-00 00:00:00', '0000-00-00 00:00:00', 0, 0, '0', '0', 0, '0', 0, 19, 21, '', 0),
(861, '0000-00-00 00:00:00', '0000-00-00 00:00:00', 0, 0, '0', '0', 0, '0', 0, 19, 22, '', 0),
(862, '0000-00-00 00:00:00', '0000-00-00 00:00:00', 0, 0, '0', '0', 0, '0', 0, 19, 23, '', 0),
(863, '0000-00-00 00:00:00', '0000-00-00 00:00:00', 0, 0, '0', '0', 0, '0', 0, 19, 24, '', 0),
(864, '0000-00-00 00:00:00', '0000-00-00 00:00:00', 0, 0, '0', '0', 0, '0', 0, 19, 25, '', 0),
(865, '0000-00-00 00:00:00', '0000-00-00 00:00:00', 0, 0, '0', '0', 0, '0', 0, 19, 26, '', 0),
(866, '0000-00-00 00:00:00', '0000-00-00 00:00:00', 0, 0, '0', '0', 0, '0', 0, 19, 27, '', 0),
(867, '0000-00-00 00:00:00', '0000-00-00 00:00:00', 0, 0, '0', '0', 0, '0', 0, 19, 28, '', 0),
(868, '0000-00-00 00:00:00', '0000-00-00 00:00:00', 0, 0, '0', '0', 0, '0', 0, 19, 29, '', 0),
(869, '0000-00-00 00:00:00', '0000-00-00 00:00:00', 0, 0, '0', '0', 0, '0', 0, 19, 30, '', 0),
(870, '0000-00-00 00:00:00', '0000-00-00 00:00:00', 0, 0, '0', '0', 0, '0', 0, 19, 9, '', 0),
(871, '0000-00-00 00:00:00', '0000-00-00 00:00:00', 0, 0, '0', '0', 0, '0', 0, 19, 10, '', 0),
(872, '0000-00-00 00:00:00', '0000-00-00 00:00:00', 0, 0, '0', '0', 0, '0', 0, 19, 11, '', 0),
(873, '0000-00-00 00:00:00', '0000-00-00 00:00:00', 0, 0, '0', '0', 0, '0', 0, 19, 12, '', 0),
(874, '0000-00-00 00:00:00', '0000-00-00 00:00:00', 0, 0, '0', '0', 0, '0', 0, 19, 13, '', 0),
(875, '0000-00-00 00:00:00', '0000-00-00 00:00:00', 0, 0, '0', '0', 0, '0', 0, 19, 14, '', 0),
(876, '0000-00-00 00:00:00', '0000-00-00 00:00:00', 0, 0, '0', '0', 0, '0', 0, 19, 15, '', 0),
(877, '0000-00-00 00:00:00', '0000-00-00 00:00:00', 0, 0, '0', '0', 0, '0', 0, 19, 16, '', 0),
(878, '0000-00-00 00:00:00', '0000-00-00 00:00:00', 0, 0, '0', '0', 0, '0', 0, 19, 17, '', 0),
(879, '0000-00-00 00:00:00', '0000-00-00 00:00:00', 0, 0, '0', '0', 0, '0', 0, 19, 18, '', 0),
(880, '0000-00-00 00:00:00', '0000-00-00 00:00:00', 0, 0, '0', '0', 0, '0', 0, 19, 19, '', 0),
(881, '0000-00-00 00:00:00', '0000-00-00 00:00:00', 0, 0, '0', '0', 0, '0', 0, 19, 20, '', 0),
(882, '0000-00-00 00:00:00', '0000-00-00 00:00:00', 0, 0, '0', '0', 0, '0', 0, 19, 21, '', 0),
(883, '0000-00-00 00:00:00', '0000-00-00 00:00:00', 0, 0, '0', '0', 0, '0', 0, 19, 22, '', 0),
(884, '0000-00-00 00:00:00', '0000-00-00 00:00:00', 0, 0, '0', '0', 0, '0', 0, 19, 23, '', 0),
(885, '0000-00-00 00:00:00', '0000-00-00 00:00:00', 0, 0, '0', '0', 0, '0', 0, 19, 24, '', 0),
(886, '0000-00-00 00:00:00', '0000-00-00 00:00:00', 0, 0, '0', '0', 0, '0', 0, 19, 25, '', 0),
(887, '0000-00-00 00:00:00', '0000-00-00 00:00:00', 0, 0, '0', '0', 0, '0', 0, 19, 26, '', 0),
(888, '0000-00-00 00:00:00', '0000-00-00 00:00:00', 0, 0, '0', '0', 0, '0', 0, 19, 27, '', 0),
(889, '0000-00-00 00:00:00', '0000-00-00 00:00:00', 0, 0, '0', '0', 0, '0', 0, 19, 28, '', 0),
(890, '0000-00-00 00:00:00', '0000-00-00 00:00:00', 0, 0, '0', '0', 0, '0', 0, 19, 29, '', 0),
(891, '0000-00-00 00:00:00', '0000-00-00 00:00:00', 0, 0, '0', '0', 0, '0', 0, 19, 30, '', 0),
(892, '0000-00-00 00:00:00', '0000-00-00 00:00:00', 0, 0, '0', '0', 0, '0', 0, 19, 9, '', 0),
(893, '0000-00-00 00:00:00', '0000-00-00 00:00:00', 0, 0, '0', '0', 0, '0', 0, 19, 10, '', 0),
(894, '0000-00-00 00:00:00', '0000-00-00 00:00:00', 0, 0, '0', '0', 0, '0', 0, 19, 11, '', 0),
(895, '0000-00-00 00:00:00', '0000-00-00 00:00:00', 0, 0, '0', '0', 0, '0', 0, 19, 12, '', 0),
(896, '0000-00-00 00:00:00', '0000-00-00 00:00:00', 0, 0, '0', '0', 0, '0', 0, 19, 13, '', 0),
(897, '0000-00-00 00:00:00', '0000-00-00 00:00:00', 0, 0, '0', '0', 0, '0', 0, 19, 14, '', 0),
(898, '0000-00-00 00:00:00', '0000-00-00 00:00:00', 0, 0, '0', '0', 0, '0', 0, 19, 15, '', 0),
(899, '0000-00-00 00:00:00', '0000-00-00 00:00:00', 0, 0, '0', '0', 0, '0', 0, 19, 16, '', 0),
(900, '0000-00-00 00:00:00', '0000-00-00 00:00:00', 0, 0, '0', '0', 0, '0', 0, 19, 17, '', 0),
(901, '0000-00-00 00:00:00', '0000-00-00 00:00:00', 0, 0, '0', '0', 0, '0', 0, 19, 18, '', 0),
(902, '0000-00-00 00:00:00', '0000-00-00 00:00:00', 0, 0, '0', '0', 0, '0', 0, 19, 19, '', 0),
(903, '0000-00-00 00:00:00', '0000-00-00 00:00:00', 0, 0, '0', '0', 0, '0', 0, 19, 20, '', 0),
(904, '0000-00-00 00:00:00', '0000-00-00 00:00:00', 0, 0, '0', '0', 0, '0', 0, 19, 21, '', 0),
(905, '0000-00-00 00:00:00', '0000-00-00 00:00:00', 0, 0, '0', '0', 0, '0', 0, 19, 22, '', 0),
(906, '0000-00-00 00:00:00', '0000-00-00 00:00:00', 0, 0, '0', '0', 0, '0', 0, 19, 23, '', 0),
(907, '0000-00-00 00:00:00', '0000-00-00 00:00:00', 0, 0, '0', '0', 0, '0', 0, 19, 24, '', 0),
(908, '0000-00-00 00:00:00', '0000-00-00 00:00:00', 0, 0, '0', '0', 0, '0', 0, 19, 25, '', 0),
(909, '0000-00-00 00:00:00', '0000-00-00 00:00:00', 0, 0, '0', '0', 0, '0', 0, 19, 26, '', 0),
(910, '0000-00-00 00:00:00', '0000-00-00 00:00:00', 0, 0, '0', '0', 0, '0', 0, 19, 27, '', 0),
(911, '0000-00-00 00:00:00', '0000-00-00 00:00:00', 0, 0, '0', '0', 0, '0', 0, 19, 28, '', 0),
(912, '0000-00-00 00:00:00', '0000-00-00 00:00:00', 0, 0, '0', '0', 0, '0', 0, 19, 29, '', 0),
(913, '0000-00-00 00:00:00', '0000-00-00 00:00:00', 0, 0, '0', '0', 0, '0', 0, 19, 30, '', 0),
(914, '0000-00-00 00:00:00', '0000-00-00 00:00:00', 0, 0, '0', '0', 0, '0', 0, 19, 9, '', 0),
(915, '0000-00-00 00:00:00', '0000-00-00 00:00:00', 0, 0, '0', '0', 0, '0', 0, 19, 10, '', 0),
(916, '0000-00-00 00:00:00', '0000-00-00 00:00:00', 0, 0, '0', '0', 0, '0', 0, 19, 11, '', 0),
(917, '0000-00-00 00:00:00', '0000-00-00 00:00:00', 0, 0, '0', '0', 0, '0', 0, 19, 12, '', 0),
(918, '0000-00-00 00:00:00', '0000-00-00 00:00:00', 0, 0, '0', '0', 0, '0', 0, 19, 13, '', 0),
(919, '0000-00-00 00:00:00', '0000-00-00 00:00:00', 0, 0, '0', '0', 0, '0', 0, 19, 14, '', 0),
(920, '0000-00-00 00:00:00', '0000-00-00 00:00:00', 0, 0, '0', '0', 0, '0', 0, 19, 15, '', 0),
(921, '0000-00-00 00:00:00', '0000-00-00 00:00:00', 0, 0, '0', '0', 0, '0', 0, 19, 16, '', 0),
(922, '0000-00-00 00:00:00', '0000-00-00 00:00:00', 0, 0, '0', '0', 0, '0', 0, 19, 17, '', 0),
(923, '0000-00-00 00:00:00', '0000-00-00 00:00:00', 0, 0, '0', '0', 0, '0', 0, 19, 18, '', 0),
(924, '0000-00-00 00:00:00', '0000-00-00 00:00:00', 0, 0, '0', '0', 0, '0', 0, 19, 19, '', 0),
(925, '0000-00-00 00:00:00', '0000-00-00 00:00:00', 0, 0, '0', '0', 0, '0', 0, 18, 20, '', 0),
(926, '0000-00-00 00:00:00', '0000-00-00 00:00:00', 0, 0, '0', '0', 0, '0', 0, 18, 21, '', 0),
(927, '0000-00-00 00:00:00', '0000-00-00 00:00:00', 0, 0, '0', '0', 0, '0', 0, 18, 22, '', 0),
(928, '0000-00-00 00:00:00', '0000-00-00 00:00:00', 0, 0, '0', '0', 0, '0', 0, 18, 23, '', 0),
(929, '0000-00-00 00:00:00', '0000-00-00 00:00:00', 0, 0, '0', '0', 0, '0', 0, 18, 24, '', 0),
(930, '0000-00-00 00:00:00', '0000-00-00 00:00:00', 0, 0, '0', '0', 0, '0', 0, 18, 25, '', 0),
(931, '0000-00-00 00:00:00', '0000-00-00 00:00:00', 0, 0, '0', '0', 0, '0', 0, 18, 26, '', 0),
(932, '0000-00-00 00:00:00', '0000-00-00 00:00:00', 0, 0, '0', '0', 0, '0', 0, 18, 27, '', 0),
(933, '0000-00-00 00:00:00', '0000-00-00 00:00:00', 0, 0, '0', '0', 0, '0', 0, 18, 28, '', 0),
(934, '0000-00-00 00:00:00', '0000-00-00 00:00:00', 0, 0, '0', '0', 0, '0', 0, 18, 29, '', 0),
(935, '0000-00-00 00:00:00', '0000-00-00 00:00:00', 0, 0, '0', '0', 0, '0', 0, 18, 30, '', 0),
(936, '0000-00-00 00:00:00', '0000-00-00 00:00:00', 0, 0, '0', '0', 0, '0', 0, 18, 9, '', 0),
(937, '0000-00-00 00:00:00', '0000-00-00 00:00:00', 0, 0, '0', '0', 0, '0', 0, 18, 10, '', 0),
(938, '0000-00-00 00:00:00', '0000-00-00 00:00:00', 0, 0, '0', '0', 0, '0', 0, 18, 11, '', 0),
(939, '0000-00-00 00:00:00', '0000-00-00 00:00:00', 0, 0, '0', '0', 0, '0', 0, 18, 12, '', 0),
(940, '0000-00-00 00:00:00', '0000-00-00 00:00:00', 0, 0, '0', '0', 0, '0', 0, 18, 13, '', 0),
(941, '0000-00-00 00:00:00', '0000-00-00 00:00:00', 0, 0, '0', '0', 0, '0', 0, 18, 14, '', 0),
(942, '0000-00-00 00:00:00', '0000-00-00 00:00:00', 0, 0, '0', '0', 0, '0', 0, 18, 15, '', 0),
(943, '0000-00-00 00:00:00', '0000-00-00 00:00:00', 0, 0, '0', '0', 0, '0', 0, 18, 16, '', 0),
(944, '0000-00-00 00:00:00', '0000-00-00 00:00:00', 0, 0, '0', '0', 0, '0', 0, 18, 17, '', 0),
(945, '0000-00-00 00:00:00', '0000-00-00 00:00:00', 0, 0, '0', '0', 0, '0', 0, 18, 18, '', 0),
(946, '0000-00-00 00:00:00', '0000-00-00 00:00:00', 0, 0, '0', '0', 0, '0', 0, 18, 19, '', 0),
(947, '0000-00-00 00:00:00', '0000-00-00 00:00:00', 0, 0, '0', '0', 0, '0', 0, 19, 20, '', 0),
(948, '0000-00-00 00:00:00', '0000-00-00 00:00:00', 0, 0, '0', '0', 0, '0', 0, 19, 21, '', 0),
(949, '0000-00-00 00:00:00', '0000-00-00 00:00:00', 0, 0, '0', '0', 0, '0', 0, 19, 22, '', 0),
(950, '0000-00-00 00:00:00', '0000-00-00 00:00:00', 0, 0, '0', '0', 0, '0', 0, 19, 23, '', 0),
(951, '0000-00-00 00:00:00', '0000-00-00 00:00:00', 0, 0, '0', '0', 0, '0', 0, 19, 24, '', 0),
(952, '0000-00-00 00:00:00', '0000-00-00 00:00:00', 0, 0, '0', '0', 0, '0', 0, 19, 25, '', 0),
(953, '0000-00-00 00:00:00', '0000-00-00 00:00:00', 0, 0, '0', '0', 0, '0', 0, 19, 26, '', 0),
(954, '0000-00-00 00:00:00', '0000-00-00 00:00:00', 0, 0, '0', '0', 0, '0', 0, 19, 27, '', 0),
(955, '0000-00-00 00:00:00', '0000-00-00 00:00:00', 0, 0, '0', '0', 0, '0', 0, 19, 28, '', 0),
(956, '0000-00-00 00:00:00', '0000-00-00 00:00:00', 0, 0, '0', '0', 0, '0', 0, 19, 29, '', 0),
(957, '0000-00-00 00:00:00', '0000-00-00 00:00:00', 0, 0, '0', '0', 0, '0', 0, 19, 30, '', 0),
(958, '0000-00-00 00:00:00', '0000-00-00 00:00:00', 0, 0, '0', '0', 0, '0', 0, 19, 9, '', 0),
(959, '0000-00-00 00:00:00', '0000-00-00 00:00:00', 0, 0, '0', '0', 0, '0', 0, 19, 10, '', 0),
(960, '0000-00-00 00:00:00', '0000-00-00 00:00:00', 0, 0, '0', '0', 0, '0', 0, 19, 11, '', 0),
(961, '0000-00-00 00:00:00', '0000-00-00 00:00:00', 0, 0, '0', '0', 0, '0', 0, 19, 12, '', 0),
(962, '0000-00-00 00:00:00', '0000-00-00 00:00:00', 0, 0, '0', '0', 0, '0', 0, 19, 13, '', 0),
(963, '0000-00-00 00:00:00', '0000-00-00 00:00:00', 0, 0, '0', '0', 0, '0', 0, 19, 14, '', 0),
(964, '0000-00-00 00:00:00', '0000-00-00 00:00:00', 0, 0, '0', '0', 0, '0', 0, 19, 15, '', 0),
(965, '0000-00-00 00:00:00', '0000-00-00 00:00:00', 0, 0, '0', '0', 0, '0', 0, 19, 16, '', 0),
(966, '0000-00-00 00:00:00', '0000-00-00 00:00:00', 0, 0, '0', '0', 0, '0', 0, 19, 17, '', 0),
(967, '0000-00-00 00:00:00', '0000-00-00 00:00:00', 0, 0, '0', '0', 0, '0', 0, 19, 18, '', 0),
(968, '0000-00-00 00:00:00', '0000-00-00 00:00:00', 0, 0, '0', '0', 0, '0', 0, 19, 19, '', 0),
(969, '0000-00-00 00:00:00', '0000-00-00 00:00:00', 0, 0, '0', '0', 0, '0', 0, 19, 20, '', 0),
(970, '0000-00-00 00:00:00', '0000-00-00 00:00:00', 0, 0, '0', '0', 0, '0', 0, 19, 21, '', 0),
(971, '0000-00-00 00:00:00', '0000-00-00 00:00:00', 0, 0, '0', '0', 0, '0', 0, 19, 22, '', 0),
(972, '0000-00-00 00:00:00', '0000-00-00 00:00:00', 0, 0, '0', '0', 0, '0', 0, 19, 23, '', 0),
(973, '0000-00-00 00:00:00', '0000-00-00 00:00:00', 0, 0, '0', '0', 0, '0', 0, 19, 24, '', 0),
(974, '0000-00-00 00:00:00', '0000-00-00 00:00:00', 0, 0, '0', '0', 0, '0', 0, 19, 25, '', 0),
(975, '0000-00-00 00:00:00', '0000-00-00 00:00:00', 0, 0, '0', '0', 0, '0', 0, 19, 26, '', 0),
(976, '0000-00-00 00:00:00', '0000-00-00 00:00:00', 0, 0, '0', '0', 0, '0', 0, 19, 27, '', 0),
(977, '0000-00-00 00:00:00', '0000-00-00 00:00:00', 0, 0, '0', '0', 0, '0', 0, 19, 28, '', 0),
(978, '0000-00-00 00:00:00', '0000-00-00 00:00:00', 0, 0, '0', '0', 0, '0', 0, 19, 29, '', 0),
(979, '0000-00-00 00:00:00', '0000-00-00 00:00:00', 0, 0, '0', '0', 0, '0', 0, 19, 30, '', 0),
(980, '0000-00-00 00:00:00', '0000-00-00 00:00:00', 0, 0, '0', '0', 0, '0', 0, 19, 9, '', 0),
(981, '0000-00-00 00:00:00', '0000-00-00 00:00:00', 0, 0, '0', '0', 0, '0', 0, 19, 10, '', 0),
(982, '0000-00-00 00:00:00', '0000-00-00 00:00:00', 0, 0, '0', '0', 0, '0', 0, 19, 11, '', 0),
(983, '0000-00-00 00:00:00', '0000-00-00 00:00:00', 0, 0, '0', '0', 0, '0', 0, 19, 12, '', 0),
(984, '0000-00-00 00:00:00', '0000-00-00 00:00:00', 0, 0, '0', '0', 0, '0', 0, 19, 13, '', 0),
(985, '0000-00-00 00:00:00', '0000-00-00 00:00:00', 0, 0, '0', '0', 0, '0', 0, 19, 14, '', 0),
(986, '0000-00-00 00:00:00', '0000-00-00 00:00:00', 0, 0, '0', '0', 0, '0', 0, 19, 15, '', 0),
(987, '0000-00-00 00:00:00', '0000-00-00 00:00:00', 0, 0, '0', '0', 0, '0', 0, 19, 16, '', 0),
(988, '0000-00-00 00:00:00', '0000-00-00 00:00:00', 0, 0, '0', '0', 0, '0', 0, 19, 17, '', 0),
(989, '0000-00-00 00:00:00', '0000-00-00 00:00:00', 0, 0, '0', '0', 0, '0', 0, 19, 18, '', 0),
(990, '0000-00-00 00:00:00', '0000-00-00 00:00:00', 0, 0, '0', '0', 0, '0', 0, 19, 19, '', 0),
(991, '0000-00-00 00:00:00', '0000-00-00 00:00:00', 0, 0, '0', '0', 0, '0', 0, 18, 20, '', 0),
(992, '0000-00-00 00:00:00', '0000-00-00 00:00:00', 0, 0, '0', '0', 0, '0', 0, 18, 21, '', 0),
(993, '0000-00-00 00:00:00', '0000-00-00 00:00:00', 0, 0, '0', '0', 0, '0', 0, 18, 22, '', 0),
(994, '0000-00-00 00:00:00', '0000-00-00 00:00:00', 0, 0, '0', '0', 0, '0', 0, 18, 23, '', 0),
(995, '0000-00-00 00:00:00', '0000-00-00 00:00:00', 0, 0, '0', '0', 0, '0', 0, 18, 24, '', 0),
(996, '0000-00-00 00:00:00', '0000-00-00 00:00:00', 0, 0, '0', '0', 0, '0', 0, 18, 25, '', 0),
(997, '0000-00-00 00:00:00', '0000-00-00 00:00:00', 0, 0, '0', '0', 0, '0', 0, 18, 26, '', 0),
(998, '0000-00-00 00:00:00', '0000-00-00 00:00:00', 0, 0, '0', '0', 0, '0', 0, 18, 27, '', 0),
(999, '0000-00-00 00:00:00', '0000-00-00 00:00:00', 0, 0, '0', '0', 0, '0', 0, 18, 28, '', 0),
(1000, '0000-00-00 00:00:00', '0000-00-00 00:00:00', 0, 0, '0', '0', 0, '0', 0, 18, 29, '', 0),
(1001, '0000-00-00 00:00:00', '0000-00-00 00:00:00', 0, 0, '0', '0', 0, '0', 0, 18, 30, '', 0),
(1002, '0000-00-00 00:00:00', '0000-00-00 00:00:00', 0, 0, '0', '0', 0, '0', 0, 18, 9, '', 0),
(1003, '0000-00-00 00:00:00', '0000-00-00 00:00:00', 0, 0, '0', '0', 0, '0', 0, 18, 10, '', 0),
(1004, '0000-00-00 00:00:00', '0000-00-00 00:00:00', 0, 0, '0', '0', 0, '0', 0, 18, 11, '', 0),
(1005, '0000-00-00 00:00:00', '0000-00-00 00:00:00', 0, 0, '0', '0', 0, '0', 0, 18, 12, '', 0),
(1006, '0000-00-00 00:00:00', '0000-00-00 00:00:00', 0, 0, '0', '0', 0, '0', 0, 18, 13, '', 0),
(1007, '0000-00-00 00:00:00', '0000-00-00 00:00:00', 0, 0, '0', '0', 0, '0', 0, 18, 14, '', 0),
(1008, '0000-00-00 00:00:00', '0000-00-00 00:00:00', 0, 0, '0', '0', 0, '0', 0, 18, 15, '', 0),
(1009, '0000-00-00 00:00:00', '0000-00-00 00:00:00', 0, 0, '0', '0', 0, '0', 0, 18, 16, '', 0),
(1010, '0000-00-00 00:00:00', '0000-00-00 00:00:00', 0, 0, '0', '0', 0, '0', 0, 18, 17, '', 0),
(1011, '0000-00-00 00:00:00', '0000-00-00 00:00:00', 0, 0, '0', '0', 0, '0', 0, 18, 18, '', 0),
(1012, '0000-00-00 00:00:00', '0000-00-00 00:00:00', 0, 0, '0', '0', 0, '0', 0, 18, 19, '', 0),
(1013, '0000-00-00 00:00:00', '0000-00-00 00:00:00', 0, 0, '0', '0', 0, '0', 0, 18, 20, '', 0),
(1014, '0000-00-00 00:00:00', '0000-00-00 00:00:00', 0, 0, '0', '0', 0, '0', 0, 18, 21, '', 0),
(1015, '0000-00-00 00:00:00', '0000-00-00 00:00:00', 0, 0, '0', '0', 0, '0', 0, 18, 22, '', 0),
(1016, '0000-00-00 00:00:00', '0000-00-00 00:00:00', 0, 0, '0', '0', 0, '0', 0, 18, 23, '', 0),
(1017, '0000-00-00 00:00:00', '0000-00-00 00:00:00', 0, 0, '0', '0', 0, '0', 0, 18, 24, '', 0),
(1018, '0000-00-00 00:00:00', '0000-00-00 00:00:00', 0, 0, '0', '0', 0, '0', 0, 18, 25, '', 0),
(1019, '0000-00-00 00:00:00', '0000-00-00 00:00:00', 0, 0, '0', '0', 0, '0', 0, 18, 26, '', 0),
(1020, '0000-00-00 00:00:00', '0000-00-00 00:00:00', 0, 0, '0', '0', 0, '0', 0, 18, 27, '', 0),
(1021, '0000-00-00 00:00:00', '0000-00-00 00:00:00', 0, 0, '0', '0', 0, '0', 0, 18, 28, '', 0),
(1022, '0000-00-00 00:00:00', '0000-00-00 00:00:00', 0, 0, '0', '0', 0, '0', 0, 18, 29, '', 0),
(1023, '0000-00-00 00:00:00', '0000-00-00 00:00:00', 0, 0, '0', '0', 0, '0', 0, 18, 30, '', 0),
(1024, '0000-00-00 00:00:00', '0000-00-00 00:00:00', 0, 0, '0', '0', 0, '0', 0, 18, 9, '', 0),
(1025, '0000-00-00 00:00:00', '0000-00-00 00:00:00', 0, 0, '0', '0', 0, '0', 0, 18, 10, '', 0),
(1026, '0000-00-00 00:00:00', '0000-00-00 00:00:00', 0, 0, '0', '0', 0, '0', 0, 18, 11, '', 0),
(1027, '0000-00-00 00:00:00', '0000-00-00 00:00:00', 0, 0, '0', '0', 0, '0', 0, 18, 12, '', 0),
(1028, '0000-00-00 00:00:00', '0000-00-00 00:00:00', 0, 0, '0', '0', 0, '0', 0, 18, 13, '', 0),
(1029, '0000-00-00 00:00:00', '0000-00-00 00:00:00', 0, 0, '0', '0', 0, '0', 0, 18, 14, '', 0),
(1030, '0000-00-00 00:00:00', '0000-00-00 00:00:00', 0, 0, '0', '0', 0, '0', 0, 18, 15, '', 0),
(1031, '0000-00-00 00:00:00', '0000-00-00 00:00:00', 0, 0, '0', '0', 0, '0', 0, 18, 16, '', 0),
(1032, '0000-00-00 00:00:00', '0000-00-00 00:00:00', 0, 0, '0', '0', 0, '0', 0, 18, 17, '', 0),
(1033, '0000-00-00 00:00:00', '0000-00-00 00:00:00', 0, 0, '0', '0', 0, '0', 0, 18, 18, '', 0),
(1034, '0000-00-00 00:00:00', '0000-00-00 00:00:00', 0, 0, '0', '0', 0, '0', 0, 18, 19, '', 0),
(1035, '0000-00-00 00:00:00', '0000-00-00 00:00:00', 0, 0, '0', '0', 0, '0', 0, 19, 20, '', 0),
(1036, '0000-00-00 00:00:00', '0000-00-00 00:00:00', 0, 0, '0', '0', 0, '0', 0, 19, 21, '', 0),
(1037, '0000-00-00 00:00:00', '0000-00-00 00:00:00', 0, 0, '0', '0', 0, '0', 0, 19, 22, '', 0),
(1038, '0000-00-00 00:00:00', '0000-00-00 00:00:00', 0, 0, '0', '0', 0, '0', 0, 19, 23, '', 0),
(1039, '0000-00-00 00:00:00', '0000-00-00 00:00:00', 0, 0, '0', '0', 0, '0', 0, 19, 24, '', 0),
(1040, '0000-00-00 00:00:00', '0000-00-00 00:00:00', 0, 0, '0', '0', 0, '0', 0, 19, 25, '', 0),
(1041, '0000-00-00 00:00:00', '0000-00-00 00:00:00', 0, 0, '0', '0', 0, '0', 0, 19, 26, '', 0),
(1042, '0000-00-00 00:00:00', '0000-00-00 00:00:00', 0, 0, '0', '0', 0, '0', 0, 19, 27, '', 0),
(1043, '0000-00-00 00:00:00', '0000-00-00 00:00:00', 0, 0, '0', '0', 0, '0', 0, 19, 28, '', 0),
(1044, '0000-00-00 00:00:00', '0000-00-00 00:00:00', 0, 0, '0', '0', 0, '0', 0, 19, 29, '', 0),
(1045, '0000-00-00 00:00:00', '0000-00-00 00:00:00', 0, 0, '0', '0', 0, '0', 0, 19, 30, '', 0),
(1046, '0000-00-00 00:00:00', '0000-00-00 00:00:00', 0, 0, '0', '0', 0, '0', 0, 19, 9, '', 0),
(1047, '0000-00-00 00:00:00', '0000-00-00 00:00:00', 0, 0, '0', '0', 0, '0', 0, 19, 10, '', 0),
(1048, '0000-00-00 00:00:00', '0000-00-00 00:00:00', 0, 0, '0', '0', 0, '0', 0, 19, 11, '', 0),
(1049, '0000-00-00 00:00:00', '0000-00-00 00:00:00', 0, 0, '0', '0', 0, '0', 0, 19, 12, '', 0),
(1050, '0000-00-00 00:00:00', '0000-00-00 00:00:00', 0, 0, '0', '0', 0, '0', 0, 19, 13, '', 0),
(1051, '0000-00-00 00:00:00', '0000-00-00 00:00:00', 0, 0, '0', '0', 0, '0', 0, 19, 14, '', 0),
(1052, '0000-00-00 00:00:00', '0000-00-00 00:00:00', 0, 0, '0', '0', 0, '0', 0, 19, 15, '', 0),
(1053, '0000-00-00 00:00:00', '0000-00-00 00:00:00', 0, 0, '0', '0', 0, '0', 0, 19, 16, '', 0),
(1054, '0000-00-00 00:00:00', '0000-00-00 00:00:00', 0, 0, '0', '0', 0, '0', 0, 19, 17, '', 0),
(1055, '0000-00-00 00:00:00', '0000-00-00 00:00:00', 0, 0, '0', '0', 0, '0', 0, 19, 18, '', 0),
(1056, '0000-00-00 00:00:00', '0000-00-00 00:00:00', 0, 0, '0', '0', 0, '0', 0, 19, 19, '', 0),
(1057, '0000-00-00 00:00:00', '0000-00-00 00:00:00', 0, 0, '0', '0', 0, '0', 0, 19, 20, '', 0),
(1058, '0000-00-00 00:00:00', '0000-00-00 00:00:00', 0, 0, '0', '0', 0, '0', 0, 19, 21, '', 0),
(1059, '0000-00-00 00:00:00', '0000-00-00 00:00:00', 0, 0, '0', '0', 0, '0', 0, 19, 22, '', 0),
(1060, '0000-00-00 00:00:00', '0000-00-00 00:00:00', 0, 0, '0', '0', 0, '0', 0, 19, 23, '', 0),
(1061, '0000-00-00 00:00:00', '0000-00-00 00:00:00', 0, 0, '0', '0', 0, '0', 0, 19, 24, '', 0),
(1062, '0000-00-00 00:00:00', '0000-00-00 00:00:00', 0, 0, '0', '0', 0, '0', 0, 19, 25, '', 0);
INSERT INTO `coursesexperiment` (`id`, `starttime`, `endtime`, `score`, `count`, `scoringmode`, `timemode`, `islimittime`, `isshowscore`, `userid`, `coursesid`, `experimentsid`, `name`, `sort`) VALUES
(1063, '0000-00-00 00:00:00', '0000-00-00 00:00:00', 0, 0, '0', '0', 0, '0', 0, 19, 26, '', 0),
(1064, '0000-00-00 00:00:00', '0000-00-00 00:00:00', 0, 0, '0', '0', 0, '0', 0, 19, 27, '', 0),
(1065, '0000-00-00 00:00:00', '0000-00-00 00:00:00', 0, 0, '0', '0', 0, '0', 0, 19, 28, '', 0),
(1066, '0000-00-00 00:00:00', '0000-00-00 00:00:00', 0, 0, '0', '0', 0, '0', 0, 19, 29, '', 0),
(1067, '0000-00-00 00:00:00', '0000-00-00 00:00:00', 0, 0, '0', '0', 0, '0', 0, 19, 30, '', 0),
(1068, '0000-00-00 00:00:00', '0000-00-00 00:00:00', 0, 0, '0', '0', 0, '0', 0, 19, 9, '', 0),
(1069, '0000-00-00 00:00:00', '0000-00-00 00:00:00', 0, 0, '0', '0', 0, '0', 0, 19, 10, '', 0),
(1070, '0000-00-00 00:00:00', '0000-00-00 00:00:00', 0, 0, '0', '0', 0, '0', 0, 19, 11, '', 0),
(1071, '0000-00-00 00:00:00', '0000-00-00 00:00:00', 0, 0, '0', '0', 0, '0', 0, 19, 12, '', 0),
(1072, '0000-00-00 00:00:00', '0000-00-00 00:00:00', 0, 0, '0', '0', 0, '0', 0, 19, 13, '', 0),
(1073, '0000-00-00 00:00:00', '0000-00-00 00:00:00', 0, 0, '0', '0', 0, '0', 0, 19, 14, '', 0),
(1074, '0000-00-00 00:00:00', '0000-00-00 00:00:00', 0, 0, '0', '0', 0, '0', 0, 19, 15, '', 0),
(1075, '0000-00-00 00:00:00', '0000-00-00 00:00:00', 0, 0, '0', '0', 0, '0', 0, 19, 16, '', 0),
(1076, '0000-00-00 00:00:00', '0000-00-00 00:00:00', 0, 0, '0', '0', 0, '0', 0, 19, 17, '', 0),
(1077, '0000-00-00 00:00:00', '0000-00-00 00:00:00', 0, 0, '0', '0', 0, '0', 0, 19, 18, '', 0),
(1078, '0000-00-00 00:00:00', '0000-00-00 00:00:00', 0, 0, '0', '0', 0, '0', 0, 19, 19, '', 0),
(1079, '0000-00-00 00:00:00', '0000-00-00 00:00:00', 0, 0, '', '', 0, '0', 0, 19, 20, '', 0),
(1080, '0000-00-00 00:00:00', '0000-00-00 00:00:00', 0, 0, '', '', 0, '0', 0, 19, 21, '', 0),
(1081, '0000-00-00 00:00:00', '0000-00-00 00:00:00', 0, 0, '', '', 0, '0', 0, 19, 22, '', 0),
(1082, '0000-00-00 00:00:00', '0000-00-00 00:00:00', 0, 0, '', '', 0, '0', 0, 19, 23, '', 0),
(1083, '0000-00-00 00:00:00', '0000-00-00 00:00:00', 0, 0, '', '', 0, '0', 0, 19, 24, '', 0),
(1084, '0000-00-00 00:00:00', '0000-00-00 00:00:00', 0, 0, '', '', 0, '0', 0, 19, 25, '', 0),
(1085, '0000-00-00 00:00:00', '0000-00-00 00:00:00', 0, 0, '', '', 0, '0', 0, 19, 26, '', 0),
(1086, '0000-00-00 00:00:00', '0000-00-00 00:00:00', 0, 0, '', '', 0, '0', 0, 19, 27, '', 0),
(1087, '0000-00-00 00:00:00', '0000-00-00 00:00:00', 0, 0, '', '', 0, '0', 0, 19, 28, '', 0),
(1088, '0000-00-00 00:00:00', '0000-00-00 00:00:00', 0, 0, '', '', 0, '0', 0, 19, 29, '', 0),
(1089, '0000-00-00 00:00:00', '0000-00-00 00:00:00', 0, 0, '', '', 0, '0', 0, 19, 30, '', 0),
(1090, '0000-00-00 00:00:00', '0000-00-00 00:00:00', 0, 0, '', '', 0, '0', 0, 19, 9, '', 0),
(1091, '0000-00-00 00:00:00', '0000-00-00 00:00:00', 0, 0, '', '', 0, '0', 0, 19, 10, '', 0),
(1092, '0000-00-00 00:00:00', '0000-00-00 00:00:00', 0, 0, '', '', 0, '0', 0, 19, 11, '', 0),
(1093, '0000-00-00 00:00:00', '0000-00-00 00:00:00', 0, 0, '', '', 0, '0', 0, 19, 12, '', 0),
(1094, '0000-00-00 00:00:00', '0000-00-00 00:00:00', 0, 0, '', '', 0, '0', 0, 19, 13, '', 0),
(1095, '0000-00-00 00:00:00', '0000-00-00 00:00:00', 0, 0, '', '', 0, '0', 0, 19, 14, '', 0),
(1096, '0000-00-00 00:00:00', '0000-00-00 00:00:00', 0, 0, '', '', 0, '0', 0, 19, 15, '', 0),
(1097, '0000-00-00 00:00:00', '0000-00-00 00:00:00', 0, 0, '', '', 0, '0', 0, 19, 16, '', 0),
(1098, '0000-00-00 00:00:00', '0000-00-00 00:00:00', 0, 0, '', '', 0, '0', 0, 19, 17, '', 0),
(1099, '0000-00-00 00:00:00', '0000-00-00 00:00:00', 0, 0, '', '', 0, '0', 0, 19, 18, '', 0),
(1100, '0000-00-00 00:00:00', '0000-00-00 00:00:00', 0, 0, '', '', 0, '0', 0, 19, 19, '', 0),
(1101, '0000-00-00 00:00:00', '0000-00-00 00:00:00', 0, 0, '', '', 0, '0', 0, 19, 20, '', 0),
(1102, '0000-00-00 00:00:00', '0000-00-00 00:00:00', 0, 0, '', '', 0, '0', 0, 19, 21, '', 0),
(1103, '0000-00-00 00:00:00', '0000-00-00 00:00:00', 0, 0, '', '', 0, '0', 0, 19, 22, '', 0),
(1104, '0000-00-00 00:00:00', '0000-00-00 00:00:00', 0, 0, '', '', 0, '0', 0, 19, 23, '', 0),
(1105, '0000-00-00 00:00:00', '0000-00-00 00:00:00', 0, 0, '', '', 0, '0', 0, 19, 24, '', 0),
(1106, '0000-00-00 00:00:00', '0000-00-00 00:00:00', 0, 0, '', '', 0, '0', 0, 19, 25, '', 0),
(1107, '0000-00-00 00:00:00', '0000-00-00 00:00:00', 0, 0, '', '', 0, '0', 0, 19, 26, '', 0),
(1108, '0000-00-00 00:00:00', '0000-00-00 00:00:00', 0, 0, '', '', 0, '0', 0, 19, 27, '', 0),
(1109, '0000-00-00 00:00:00', '0000-00-00 00:00:00', 0, 0, '', '', 0, '0', 0, 19, 28, '', 0),
(1110, '0000-00-00 00:00:00', '0000-00-00 00:00:00', 0, 0, '', '', 0, '0', 0, 19, 29, '', 0),
(1111, '0000-00-00 00:00:00', '0000-00-00 00:00:00', 0, 0, '', '', 0, '0', 0, 19, 30, '', 0),
(1112, '0000-00-00 00:00:00', '0000-00-00 00:00:00', 0, 0, '', '', 0, '0', 0, 19, 9, '', 0),
(1113, '0000-00-00 00:00:00', '0000-00-00 00:00:00', 0, 0, '', '', 0, '0', 0, 19, 10, '', 0),
(1114, '0000-00-00 00:00:00', '0000-00-00 00:00:00', 0, 0, '', '', 0, '0', 0, 19, 11, '', 0),
(1115, '0000-00-00 00:00:00', '0000-00-00 00:00:00', 0, 0, '', '', 0, '0', 0, 19, 12, '', 0),
(1116, '0000-00-00 00:00:00', '0000-00-00 00:00:00', 0, 0, '', '', 0, '0', 0, 19, 13, '', 0),
(1117, '0000-00-00 00:00:00', '0000-00-00 00:00:00', 0, 0, '', '', 0, '0', 0, 19, 14, '', 0),
(1118, '0000-00-00 00:00:00', '0000-00-00 00:00:00', 0, 0, '', '', 0, '0', 0, 19, 15, '', 0),
(1119, '0000-00-00 00:00:00', '0000-00-00 00:00:00', 0, 0, '', '', 0, '0', 0, 19, 16, '', 0),
(1120, '0000-00-00 00:00:00', '0000-00-00 00:00:00', 0, 0, '', '', 0, '0', 0, 19, 17, '', 0),
(1121, '0000-00-00 00:00:00', '0000-00-00 00:00:00', 0, 0, '', '', 0, '0', 0, 19, 18, '', 0),
(1122, '0000-00-00 00:00:00', '0000-00-00 00:00:00', 0, 0, '', '', 0, '0', 0, 19, 19, '', 0),
(1123, '0000-00-00 00:00:00', '0000-00-00 00:00:00', 0, 0, '', '', 0, '0', 0, 19, 20, '', 0),
(1124, '0000-00-00 00:00:00', '0000-00-00 00:00:00', 0, 0, '', '', 0, '0', 0, 19, 21, '', 0),
(1125, '0000-00-00 00:00:00', '0000-00-00 00:00:00', 0, 0, '', '', 0, '0', 0, 19, 22, '', 0),
(1126, '0000-00-00 00:00:00', '0000-00-00 00:00:00', 0, 0, '', '', 0, '0', 0, 19, 23, '', 0),
(1127, '0000-00-00 00:00:00', '0000-00-00 00:00:00', 0, 0, '', '', 0, '0', 0, 19, 24, '', 0),
(1128, '0000-00-00 00:00:00', '0000-00-00 00:00:00', 0, 0, '', '', 0, '0', 0, 19, 25, '', 0),
(1129, '0000-00-00 00:00:00', '0000-00-00 00:00:00', 0, 0, '', '', 0, '0', 0, 19, 26, '', 0),
(1130, '0000-00-00 00:00:00', '0000-00-00 00:00:00', 0, 0, '', '', 0, '0', 0, 19, 27, '', 0),
(1131, '0000-00-00 00:00:00', '0000-00-00 00:00:00', 0, 0, '', '', 0, '0', 0, 19, 28, '', 0),
(1132, '0000-00-00 00:00:00', '0000-00-00 00:00:00', 0, 0, '', '', 0, '0', 0, 19, 29, '', 0),
(1133, '0000-00-00 00:00:00', '0000-00-00 00:00:00', 0, 0, '', '', 0, '0', 0, 19, 30, '', 0),
(1134, '0000-00-00 00:00:00', '0000-00-00 00:00:00', 0, 0, '', '', 0, '0', 0, 19, 9, '', 0),
(1135, '0000-00-00 00:00:00', '0000-00-00 00:00:00', 0, 0, '', '', 0, '0', 0, 19, 10, '', 0),
(1136, '0000-00-00 00:00:00', '0000-00-00 00:00:00', 0, 0, '', '', 0, '0', 0, 19, 11, '', 0),
(1137, '0000-00-00 00:00:00', '0000-00-00 00:00:00', 0, 0, '', '', 0, '0', 0, 19, 12, '', 0),
(1138, '0000-00-00 00:00:00', '0000-00-00 00:00:00', 0, 0, '', '', 0, '0', 0, 19, 13, '', 0),
(1139, '0000-00-00 00:00:00', '0000-00-00 00:00:00', 0, 0, '', '', 0, '0', 0, 19, 14, '', 0),
(1140, '0000-00-00 00:00:00', '0000-00-00 00:00:00', 0, 0, '', '', 0, '0', 0, 19, 15, '', 0),
(1141, '0000-00-00 00:00:00', '0000-00-00 00:00:00', 0, 0, '', '', 0, '0', 0, 19, 16, '', 0),
(1142, '0000-00-00 00:00:00', '0000-00-00 00:00:00', 0, 0, '', '', 0, '0', 0, 19, 17, '', 0),
(1143, '0000-00-00 00:00:00', '0000-00-00 00:00:00', 0, 0, '', '', 0, '0', 0, 19, 18, '', 0),
(1144, '0000-00-00 00:00:00', '0000-00-00 00:00:00', 0, 0, '', '', 0, '0', 0, 19, 19, '', 0),
(1145, '0000-00-00 00:00:00', '0000-00-00 00:00:00', 0, 0, '', '', 0, '0', 0, 19, 20, '', 0),
(1146, '0000-00-00 00:00:00', '0000-00-00 00:00:00', 0, 0, '', '', 0, '0', 0, 19, 21, '', 0),
(1147, '0000-00-00 00:00:00', '0000-00-00 00:00:00', 0, 0, '', '', 0, '0', 0, 19, 22, '', 0),
(1148, '0000-00-00 00:00:00', '0000-00-00 00:00:00', 0, 0, '', '', 0, '0', 0, 19, 23, '', 0),
(1149, '0000-00-00 00:00:00', '0000-00-00 00:00:00', 0, 0, '', '', 0, '0', 0, 19, 24, '', 0),
(1150, '0000-00-00 00:00:00', '0000-00-00 00:00:00', 0, 0, '', '', 0, '0', 0, 19, 25, '', 0),
(1151, '0000-00-00 00:00:00', '0000-00-00 00:00:00', 0, 0, '', '', 0, '0', 0, 19, 26, '', 0),
(1152, '0000-00-00 00:00:00', '0000-00-00 00:00:00', 0, 0, '', '', 0, '0', 0, 19, 27, '', 0),
(1153, '0000-00-00 00:00:00', '0000-00-00 00:00:00', 0, 0, '', '', 0, '0', 0, 19, 28, '', 0),
(1154, '0000-00-00 00:00:00', '0000-00-00 00:00:00', 0, 0, '', '', 0, '0', 0, 19, 29, '', 0),
(1155, '0000-00-00 00:00:00', '0000-00-00 00:00:00', 0, 0, '', '', 0, '0', 0, 19, 30, '', 0),
(1156, '0000-00-00 00:00:00', '0000-00-00 00:00:00', 0, 0, '', '', 0, '0', 0, 19, 9, '', 0),
(1157, '0000-00-00 00:00:00', '0000-00-00 00:00:00', 0, 0, '', '', 0, '0', 0, 19, 10, '', 0),
(1158, '0000-00-00 00:00:00', '0000-00-00 00:00:00', 0, 0, '', '', 0, '0', 0, 19, 11, '', 0),
(1159, '0000-00-00 00:00:00', '0000-00-00 00:00:00', 0, 0, '', '', 0, '0', 0, 19, 12, '', 0),
(1160, '0000-00-00 00:00:00', '0000-00-00 00:00:00', 0, 0, '', '', 0, '0', 0, 19, 13, '', 0),
(1161, '0000-00-00 00:00:00', '0000-00-00 00:00:00', 0, 0, '', '', 0, '0', 0, 19, 14, '', 0),
(1162, '0000-00-00 00:00:00', '0000-00-00 00:00:00', 0, 0, '', '', 0, '0', 0, 19, 15, '', 0),
(1163, '0000-00-00 00:00:00', '0000-00-00 00:00:00', 0, 0, '', '', 0, '0', 0, 19, 16, '', 0),
(1164, '0000-00-00 00:00:00', '0000-00-00 00:00:00', 0, 0, '', '', 0, '0', 0, 19, 17, '', 0),
(1165, '0000-00-00 00:00:00', '0000-00-00 00:00:00', 0, 0, '', '', 0, '0', 0, 19, 18, '', 0),
(1166, '0000-00-00 00:00:00', '0000-00-00 00:00:00', 0, 0, '', '', 0, '0', 0, 19, 19, '', 0),
(1167, '0000-00-00 00:00:00', '0000-00-00 00:00:00', 0, 0, '', '', 0, '0', 0, 19, 20, '', 0),
(1168, '0000-00-00 00:00:00', '0000-00-00 00:00:00', 0, 0, '', '', 0, '0', 0, 19, 21, '', 0),
(1169, '0000-00-00 00:00:00', '0000-00-00 00:00:00', 0, 0, '', '', 0, '0', 0, 19, 22, '', 0),
(1170, '0000-00-00 00:00:00', '0000-00-00 00:00:00', 0, 0, '', '', 0, '0', 0, 19, 23, '', 0),
(1171, '0000-00-00 00:00:00', '0000-00-00 00:00:00', 0, 0, '', '', 0, '0', 0, 19, 24, '', 0),
(1172, '0000-00-00 00:00:00', '0000-00-00 00:00:00', 0, 0, '', '', 0, '0', 0, 19, 25, '', 0),
(1173, '0000-00-00 00:00:00', '0000-00-00 00:00:00', 0, 0, '', '', 0, '0', 0, 19, 26, '', 0),
(1174, '0000-00-00 00:00:00', '0000-00-00 00:00:00', 0, 0, '', '', 0, '0', 0, 19, 27, '', 0),
(1175, '0000-00-00 00:00:00', '0000-00-00 00:00:00', 0, 0, '', '', 0, '0', 0, 19, 28, '', 0),
(1176, '0000-00-00 00:00:00', '0000-00-00 00:00:00', 0, 0, '', '', 0, '0', 0, 19, 29, '', 0),
(1177, '0000-00-00 00:00:00', '0000-00-00 00:00:00', 0, 0, '', '', 0, '0', 0, 19, 30, '', 0),
(1178, '0000-00-00 00:00:00', '0000-00-00 00:00:00', 0, 0, '', '', 0, '0', 0, 19, 9, '', 0),
(1179, '0000-00-00 00:00:00', '0000-00-00 00:00:00', 0, 0, '', '', 0, '0', 0, 19, 10, '', 0),
(1180, '0000-00-00 00:00:00', '0000-00-00 00:00:00', 0, 0, '', '', 0, '0', 0, 19, 11, '', 0),
(1181, '0000-00-00 00:00:00', '0000-00-00 00:00:00', 0, 0, '', '', 0, '0', 0, 19, 12, '', 0),
(1182, '0000-00-00 00:00:00', '0000-00-00 00:00:00', 0, 0, '', '', 0, '0', 0, 19, 13, '', 0),
(1183, '0000-00-00 00:00:00', '0000-00-00 00:00:00', 0, 0, '', '', 0, '0', 0, 19, 14, '', 0),
(1184, '0000-00-00 00:00:00', '0000-00-00 00:00:00', 0, 0, '', '', 0, '0', 0, 19, 15, '', 0),
(1185, '0000-00-00 00:00:00', '0000-00-00 00:00:00', 0, 0, '', '', 0, '0', 0, 19, 16, '', 0),
(1186, '0000-00-00 00:00:00', '0000-00-00 00:00:00', 0, 0, '', '', 0, '0', 0, 19, 17, '', 0),
(1187, '0000-00-00 00:00:00', '0000-00-00 00:00:00', 0, 0, '', '', 0, '0', 0, 19, 18, '', 0),
(1188, '0000-00-00 00:00:00', '0000-00-00 00:00:00', 0, 0, '', '', 0, '0', 0, 19, 19, '', 0),
(1189, '0000-00-00 00:00:00', '0000-00-00 00:00:00', 0, 0, '', '', 0, '0', 0, 19, 20, '', 0),
(1190, '0000-00-00 00:00:00', '0000-00-00 00:00:00', 0, 0, '', '', 0, '0', 0, 19, 21, '', 0),
(1191, '0000-00-00 00:00:00', '0000-00-00 00:00:00', 0, 0, '', '', 0, '0', 0, 19, 22, '', 0),
(1192, '0000-00-00 00:00:00', '0000-00-00 00:00:00', 0, 0, '', '', 0, '0', 0, 19, 23, '', 0),
(1193, '0000-00-00 00:00:00', '0000-00-00 00:00:00', 0, 0, '', '', 0, '0', 0, 19, 24, '', 0),
(1194, '0000-00-00 00:00:00', '0000-00-00 00:00:00', 0, 0, '', '', 0, '0', 0, 19, 25, '', 0),
(1195, '0000-00-00 00:00:00', '0000-00-00 00:00:00', 0, 0, '', '', 0, '0', 0, 19, 26, '', 0),
(1196, '0000-00-00 00:00:00', '0000-00-00 00:00:00', 0, 0, '', '', 0, '0', 0, 19, 27, '', 0),
(1197, '0000-00-00 00:00:00', '0000-00-00 00:00:00', 0, 0, '', '', 0, '0', 0, 19, 28, '', 0),
(1198, '0000-00-00 00:00:00', '0000-00-00 00:00:00', 0, 0, '', '', 0, '0', 0, 19, 29, '', 0),
(1199, '0000-00-00 00:00:00', '0000-00-00 00:00:00', 0, 0, '', '', 0, '0', 0, 19, 30, '', 0),
(1200, '0000-00-00 00:00:00', '0000-00-00 00:00:00', 0, 0, '', '', 0, '0', 0, 19, 9, '', 0),
(1201, '0000-00-00 00:00:00', '0000-00-00 00:00:00', 0, 0, '', '', 0, '0', 0, 19, 10, '', 0),
(1202, '0000-00-00 00:00:00', '0000-00-00 00:00:00', 0, 0, '', '', 0, '0', 0, 19, 11, '', 0),
(1203, '0000-00-00 00:00:00', '0000-00-00 00:00:00', 0, 0, '', '', 0, '0', 0, 19, 12, '', 0),
(1204, '0000-00-00 00:00:00', '0000-00-00 00:00:00', 0, 0, '', '', 0, '0', 0, 19, 13, '', 0),
(1205, '0000-00-00 00:00:00', '0000-00-00 00:00:00', 0, 0, '', '', 0, '0', 0, 19, 14, '', 0),
(1206, '0000-00-00 00:00:00', '0000-00-00 00:00:00', 0, 0, '', '', 0, '0', 0, 19, 15, '', 0),
(1207, '0000-00-00 00:00:00', '0000-00-00 00:00:00', 0, 0, '', '', 0, '0', 0, 19, 16, '', 0),
(1208, '0000-00-00 00:00:00', '0000-00-00 00:00:00', 0, 0, '', '', 0, '0', 0, 19, 17, '', 0),
(1209, '0000-00-00 00:00:00', '0000-00-00 00:00:00', 0, 0, '', '', 0, '0', 0, 19, 18, '', 0),
(1210, '0000-00-00 00:00:00', '0000-00-00 00:00:00', 0, 0, '', '', 0, '0', 0, 19, 19, '', 0),
(1211, '0000-00-00 00:00:00', '0000-00-00 00:00:00', 0, 0, '', '', 0, '0', 0, 19, 20, '', 0),
(1212, '0000-00-00 00:00:00', '0000-00-00 00:00:00', 0, 0, '', '', 0, '0', 0, 19, 21, '', 0),
(1213, '0000-00-00 00:00:00', '0000-00-00 00:00:00', 0, 0, '', '', 0, '0', 0, 19, 22, '', 0),
(1214, '0000-00-00 00:00:00', '0000-00-00 00:00:00', 0, 0, '', '', 0, '0', 0, 19, 23, '', 0),
(1215, '0000-00-00 00:00:00', '0000-00-00 00:00:00', 0, 0, '', '', 0, '0', 0, 19, 24, '', 0),
(1216, '0000-00-00 00:00:00', '0000-00-00 00:00:00', 0, 0, '', '', 0, '0', 0, 19, 25, '', 0),
(1217, '0000-00-00 00:00:00', '0000-00-00 00:00:00', 0, 0, '', '', 0, '0', 0, 19, 26, '', 0),
(1218, '0000-00-00 00:00:00', '0000-00-00 00:00:00', 0, 0, '', '', 0, '0', 0, 19, 27, '', 0),
(1219, '0000-00-00 00:00:00', '0000-00-00 00:00:00', 0, 0, '', '', 0, '0', 0, 19, 28, '', 0),
(1220, '0000-00-00 00:00:00', '0000-00-00 00:00:00', 0, 0, '', '', 0, '0', 0, 19, 29, '', 0),
(1221, '0000-00-00 00:00:00', '0000-00-00 00:00:00', 0, 0, '', '', 0, '0', 0, 19, 30, '', 0),
(1222, '0000-00-00 00:00:00', '0000-00-00 00:00:00', 0, 0, '', '', 0, '0', 0, 19, 9, '', 0),
(1223, '0000-00-00 00:00:00', '0000-00-00 00:00:00', 0, 0, '', '', 0, '0', 0, 19, 10, '', 0),
(1224, '0000-00-00 00:00:00', '0000-00-00 00:00:00', 0, 0, '', '', 0, '0', 0, 19, 11, '', 0),
(1225, '0000-00-00 00:00:00', '0000-00-00 00:00:00', 0, 0, '', '', 0, '0', 0, 19, 12, '', 0),
(1226, '0000-00-00 00:00:00', '0000-00-00 00:00:00', 0, 0, '', '', 0, '0', 0, 19, 13, '', 0),
(1227, '0000-00-00 00:00:00', '0000-00-00 00:00:00', 0, 0, '', '', 0, '0', 0, 19, 14, '', 0),
(1228, '0000-00-00 00:00:00', '0000-00-00 00:00:00', 0, 0, '', '', 0, '0', 0, 19, 15, '', 0),
(1229, '0000-00-00 00:00:00', '0000-00-00 00:00:00', 0, 0, '', '', 0, '0', 0, 19, 16, '', 0),
(1230, '0000-00-00 00:00:00', '0000-00-00 00:00:00', 0, 0, '', '', 0, '0', 0, 19, 17, '', 0),
(1231, '0000-00-00 00:00:00', '0000-00-00 00:00:00', 0, 0, '', '', 0, '0', 0, 19, 18, '', 0),
(1232, '0000-00-00 00:00:00', '0000-00-00 00:00:00', 0, 0, '', '', 0, '0', 0, 19, 19, '', 0),
(1233, '0000-00-00 00:00:00', '0000-00-00 00:00:00', 0, 0, '', '', 0, '0', 0, 19, 20, '', 0),
(1234, '0000-00-00 00:00:00', '0000-00-00 00:00:00', 0, 0, '', '', 0, '0', 0, 19, 21, '', 0),
(1235, '0000-00-00 00:00:00', '0000-00-00 00:00:00', 0, 0, '', '', 0, '0', 0, 19, 22, '', 0),
(1236, '0000-00-00 00:00:00', '0000-00-00 00:00:00', 0, 0, '', '', 0, '0', 0, 19, 23, '', 0),
(1237, '0000-00-00 00:00:00', '0000-00-00 00:00:00', 0, 0, '', '', 0, '0', 0, 19, 24, '', 0),
(1238, '0000-00-00 00:00:00', '0000-00-00 00:00:00', 0, 0, '', '', 0, '0', 0, 19, 25, '', 0),
(1239, '0000-00-00 00:00:00', '0000-00-00 00:00:00', 0, 0, '', '', 0, '0', 0, 19, 26, '', 0),
(1240, '0000-00-00 00:00:00', '0000-00-00 00:00:00', 0, 0, '', '', 0, '0', 0, 19, 27, '', 0),
(1241, '0000-00-00 00:00:00', '0000-00-00 00:00:00', 0, 0, '', '', 0, '0', 0, 19, 28, '', 0),
(1242, '0000-00-00 00:00:00', '0000-00-00 00:00:00', 0, 0, '', '', 0, '0', 0, 19, 29, '', 0),
(1243, '0000-00-00 00:00:00', '0000-00-00 00:00:00', 0, 0, '', '', 0, '0', 0, 19, 30, '', 0),
(1244, '0000-00-00 00:00:00', '0000-00-00 00:00:00', 0, 0, '', '', 0, '0', 0, 19, 9, '', 0),
(1245, '0000-00-00 00:00:00', '0000-00-00 00:00:00', 0, 0, '', '', 0, '0', 0, 19, 10, '', 0),
(1246, '0000-00-00 00:00:00', '0000-00-00 00:00:00', 0, 0, '', '', 0, '0', 0, 19, 11, '', 0),
(1247, '0000-00-00 00:00:00', '0000-00-00 00:00:00', 0, 0, '', '', 0, '0', 0, 19, 12, '', 0),
(1248, '0000-00-00 00:00:00', '0000-00-00 00:00:00', 0, 0, '', '', 0, '0', 0, 19, 13, '', 0),
(1249, '0000-00-00 00:00:00', '0000-00-00 00:00:00', 0, 0, '', '', 0, '0', 0, 19, 14, '', 0),
(1250, '0000-00-00 00:00:00', '0000-00-00 00:00:00', 0, 0, '', '', 0, '0', 0, 19, 15, '', 0),
(1251, '0000-00-00 00:00:00', '0000-00-00 00:00:00', 0, 0, '', '', 0, '0', 0, 19, 16, '', 0),
(1252, '0000-00-00 00:00:00', '0000-00-00 00:00:00', 0, 0, '', '', 0, '0', 0, 19, 17, '', 0),
(1253, '0000-00-00 00:00:00', '0000-00-00 00:00:00', 0, 0, '', '', 0, '0', 0, 19, 18, '', 0),
(1254, '0000-00-00 00:00:00', '0000-00-00 00:00:00', 0, 0, '', '', 0, '0', 0, 19, 19, '', 0),
(1255, '0000-00-00 00:00:00', '0000-00-00 00:00:00', 0, 0, '', '', 0, '0', 0, 19, 20, '', 0),
(1256, '0000-00-00 00:00:00', '0000-00-00 00:00:00', 0, 0, '', '', 0, '0', 0, 19, 21, '', 0),
(1257, '0000-00-00 00:00:00', '0000-00-00 00:00:00', 0, 0, '', '', 0, '0', 0, 19, 22, '', 0),
(1258, '0000-00-00 00:00:00', '0000-00-00 00:00:00', 0, 0, '', '', 0, '0', 0, 19, 23, '', 0),
(1259, '0000-00-00 00:00:00', '0000-00-00 00:00:00', 0, 0, '', '', 0, '0', 0, 19, 24, '', 0),
(1260, '0000-00-00 00:00:00', '0000-00-00 00:00:00', 0, 0, '', '', 0, '0', 0, 19, 25, '', 0),
(1261, '0000-00-00 00:00:00', '0000-00-00 00:00:00', 0, 0, '', '', 0, '0', 0, 19, 26, '', 0),
(1262, '0000-00-00 00:00:00', '0000-00-00 00:00:00', 0, 0, '', '', 0, '0', 0, 19, 27, '', 0),
(1263, '0000-00-00 00:00:00', '0000-00-00 00:00:00', 0, 0, '', '', 0, '0', 0, 19, 28, '', 0),
(1264, '0000-00-00 00:00:00', '0000-00-00 00:00:00', 0, 0, '', '', 0, '0', 0, 19, 29, '', 0),
(1265, '0000-00-00 00:00:00', '0000-00-00 00:00:00', 0, 0, '', '', 0, '0', 0, 19, 30, '', 0),
(1266, '0000-00-00 00:00:00', '0000-00-00 00:00:00', 0, 0, '', '', 0, '0', 0, 19, 9, '', 0),
(1267, '0000-00-00 00:00:00', '0000-00-00 00:00:00', 0, 0, '', '', 0, '0', 0, 19, 10, '', 0),
(1268, '0000-00-00 00:00:00', '0000-00-00 00:00:00', 0, 0, '', '', 0, '0', 0, 19, 11, '', 0),
(1269, '0000-00-00 00:00:00', '0000-00-00 00:00:00', 0, 0, '', '', 0, '0', 0, 19, 12, '', 0),
(1270, '0000-00-00 00:00:00', '0000-00-00 00:00:00', 0, 0, '', '', 0, '0', 0, 19, 13, '', 0),
(1271, '0000-00-00 00:00:00', '0000-00-00 00:00:00', 0, 0, '', '', 0, '0', 0, 19, 14, '', 0),
(1272, '0000-00-00 00:00:00', '0000-00-00 00:00:00', 0, 0, '', '', 0, '0', 0, 19, 15, '', 0),
(1273, '0000-00-00 00:00:00', '0000-00-00 00:00:00', 0, 0, '', '', 0, '0', 0, 19, 16, '', 0),
(1274, '0000-00-00 00:00:00', '0000-00-00 00:00:00', 0, 0, '', '', 0, '0', 0, 19, 17, '', 0),
(1275, '0000-00-00 00:00:00', '0000-00-00 00:00:00', 0, 0, '', '', 0, '0', 0, 19, 18, '', 0),
(1276, '0000-00-00 00:00:00', '0000-00-00 00:00:00', 0, 0, '', '', 0, '0', 0, 19, 19, '', 0),
(1277, '0000-00-00 00:00:00', '0000-00-00 00:00:00', 0, 0, '', '', 0, '0', 0, 19, 20, '', 0),
(1278, '0000-00-00 00:00:00', '0000-00-00 00:00:00', 0, 0, '', '', 0, '0', 0, 19, 21, '', 0),
(1279, '0000-00-00 00:00:00', '0000-00-00 00:00:00', 0, 0, '', '', 0, '0', 0, 19, 22, '', 0),
(1280, '0000-00-00 00:00:00', '0000-00-00 00:00:00', 0, 0, '', '', 0, '0', 0, 19, 23, '', 0),
(1281, '0000-00-00 00:00:00', '0000-00-00 00:00:00', 0, 0, '', '', 0, '0', 0, 19, 24, '', 0),
(1282, '0000-00-00 00:00:00', '0000-00-00 00:00:00', 0, 0, '', '', 0, '0', 0, 19, 25, '', 0),
(1283, '0000-00-00 00:00:00', '0000-00-00 00:00:00', 0, 0, '', '', 0, '0', 0, 19, 26, '', 0),
(1284, '0000-00-00 00:00:00', '0000-00-00 00:00:00', 0, 0, '', '', 0, '0', 0, 19, 27, '', 0),
(1285, '0000-00-00 00:00:00', '0000-00-00 00:00:00', 0, 0, '', '', 0, '0', 0, 19, 28, '', 0),
(1286, '0000-00-00 00:00:00', '0000-00-00 00:00:00', 0, 0, '', '', 0, '0', 0, 19, 29, '', 0),
(1287, '0000-00-00 00:00:00', '0000-00-00 00:00:00', 0, 0, '', '', 0, '0', 0, 19, 30, '', 0),
(1288, '0000-00-00 00:00:00', '0000-00-00 00:00:00', 0, 0, '', '', 0, '0', 0, 19, 9, '', 0),
(1289, '0000-00-00 00:00:00', '0000-00-00 00:00:00', 0, 0, '', '', 0, '0', 0, 19, 10, '', 0),
(1290, '0000-00-00 00:00:00', '0000-00-00 00:00:00', 0, 0, '', '', 0, '0', 0, 19, 11, '', 0),
(1291, '0000-00-00 00:00:00', '0000-00-00 00:00:00', 0, 0, '', '', 0, '0', 0, 19, 12, '', 0),
(1292, '0000-00-00 00:00:00', '0000-00-00 00:00:00', 0, 0, '', '', 0, '0', 0, 19, 13, '', 0),
(1293, '0000-00-00 00:00:00', '0000-00-00 00:00:00', 0, 0, '', '', 0, '0', 0, 19, 14, '', 0),
(1294, '0000-00-00 00:00:00', '0000-00-00 00:00:00', 0, 0, '', '', 0, '0', 0, 19, 15, '', 0),
(1295, '0000-00-00 00:00:00', '0000-00-00 00:00:00', 0, 0, '', '', 0, '0', 0, 19, 16, '', 0),
(1296, '0000-00-00 00:00:00', '0000-00-00 00:00:00', 0, 0, '', '', 0, '0', 0, 19, 17, '', 0),
(1297, '0000-00-00 00:00:00', '0000-00-00 00:00:00', 0, 0, '', '', 0, '0', 0, 19, 18, '', 0),
(1298, '0000-00-00 00:00:00', '0000-00-00 00:00:00', 0, 0, '', '', 0, '0', 0, 19, 19, '', 0),
(1299, '0000-00-00 00:00:00', '0000-00-00 00:00:00', 0, 0, '', '', 0, '0', 0, 19, 20, '', 0),
(1300, '0000-00-00 00:00:00', '0000-00-00 00:00:00', 0, 0, '', '', 0, '0', 0, 19, 21, '', 0),
(1301, '0000-00-00 00:00:00', '0000-00-00 00:00:00', 0, 0, '', '', 0, '0', 0, 19, 22, '', 0),
(1302, '0000-00-00 00:00:00', '0000-00-00 00:00:00', 0, 0, '', '', 0, '0', 0, 19, 23, '', 0),
(1303, '0000-00-00 00:00:00', '0000-00-00 00:00:00', 0, 0, '', '', 0, '0', 0, 19, 24, '', 0),
(1304, '0000-00-00 00:00:00', '0000-00-00 00:00:00', 0, 0, '', '', 0, '0', 0, 19, 25, '', 0),
(1305, '0000-00-00 00:00:00', '0000-00-00 00:00:00', 0, 0, '', '', 0, '0', 0, 19, 26, '', 0),
(1306, '0000-00-00 00:00:00', '0000-00-00 00:00:00', 0, 0, '', '', 0, '0', 0, 19, 27, '', 0),
(1307, '0000-00-00 00:00:00', '0000-00-00 00:00:00', 0, 0, '', '', 0, '0', 0, 19, 28, '', 0),
(1308, '0000-00-00 00:00:00', '0000-00-00 00:00:00', 0, 0, '', '', 0, '0', 0, 19, 29, '', 0),
(1309, '0000-00-00 00:00:00', '0000-00-00 00:00:00', 0, 0, '', '', 0, '0', 0, 19, 30, '', 0),
(1310, '0000-00-00 00:00:00', '0000-00-00 00:00:00', 0, 0, '', '', 0, '0', 0, 19, 9, '', 0),
(1311, '0000-00-00 00:00:00', '0000-00-00 00:00:00', 0, 0, '', '', 0, '0', 0, 19, 10, '', 0),
(1312, '0000-00-00 00:00:00', '0000-00-00 00:00:00', 0, 0, '', '', 0, '0', 0, 19, 11, '', 0),
(1313, '0000-00-00 00:00:00', '0000-00-00 00:00:00', 0, 0, '', '', 0, '0', 0, 19, 12, '', 0),
(1314, '0000-00-00 00:00:00', '0000-00-00 00:00:00', 0, 0, '', '', 0, '0', 0, 19, 13, '', 0),
(1315, '0000-00-00 00:00:00', '0000-00-00 00:00:00', 0, 0, '', '', 0, '0', 0, 19, 14, '', 0),
(1316, '0000-00-00 00:00:00', '0000-00-00 00:00:00', 0, 0, '', '', 0, '0', 0, 19, 15, '', 0),
(1317, '0000-00-00 00:00:00', '0000-00-00 00:00:00', 0, 0, '', '', 0, '0', 0, 19, 16, '', 0),
(1318, '0000-00-00 00:00:00', '0000-00-00 00:00:00', 0, 0, '', '', 0, '0', 0, 19, 17, '', 0),
(1319, '0000-00-00 00:00:00', '0000-00-00 00:00:00', 0, 0, '', '', 0, '0', 0, 19, 18, '', 0),
(1320, '0000-00-00 00:00:00', '0000-00-00 00:00:00', 0, 0, '', '', 0, '0', 0, 19, 19, '', 0),
(1321, '0000-00-00 00:00:00', '0000-00-00 00:00:00', 0, 0, '', '', 0, '0', 0, 19, 20, '', 0),
(1322, '0000-00-00 00:00:00', '0000-00-00 00:00:00', 0, 0, '', '', 0, '0', 0, 19, 21, '', 0),
(1323, '0000-00-00 00:00:00', '0000-00-00 00:00:00', 0, 0, '', '', 0, '0', 0, 19, 22, '', 0),
(1324, '0000-00-00 00:00:00', '0000-00-00 00:00:00', 0, 0, '', '', 0, '0', 0, 19, 23, '', 0),
(1325, '0000-00-00 00:00:00', '0000-00-00 00:00:00', 0, 0, '', '', 0, '0', 0, 19, 24, '', 0),
(1326, '0000-00-00 00:00:00', '0000-00-00 00:00:00', 0, 0, '', '', 0, '0', 0, 19, 25, '', 0),
(1327, '0000-00-00 00:00:00', '0000-00-00 00:00:00', 0, 0, '', '', 0, '0', 0, 19, 26, '', 0),
(1328, '0000-00-00 00:00:00', '0000-00-00 00:00:00', 0, 0, '', '', 0, '0', 0, 19, 27, '', 0),
(1329, '0000-00-00 00:00:00', '0000-00-00 00:00:00', 0, 0, '', '', 0, '0', 0, 19, 28, '', 0),
(1330, '0000-00-00 00:00:00', '0000-00-00 00:00:00', 0, 0, '', '', 0, '0', 0, 19, 29, '', 0),
(1331, '0000-00-00 00:00:00', '0000-00-00 00:00:00', 0, 0, '', '', 0, '0', 0, 19, 30, '', 0),
(1332, '0000-00-00 00:00:00', '0000-00-00 00:00:00', 0, 0, '', '', 0, '0', 0, 19, 9, '', 0),
(1333, '0000-00-00 00:00:00', '0000-00-00 00:00:00', 0, 0, '', '', 0, '0', 0, 19, 10, '', 0),
(1334, '0000-00-00 00:00:00', '0000-00-00 00:00:00', 0, 0, '', '', 0, '0', 0, 19, 11, '', 0),
(1335, '0000-00-00 00:00:00', '0000-00-00 00:00:00', 0, 0, '', '', 0, '0', 0, 19, 12, '', 0),
(1336, '0000-00-00 00:00:00', '0000-00-00 00:00:00', 0, 0, '', '', 0, '0', 0, 19, 13, '', 0),
(1337, '0000-00-00 00:00:00', '0000-00-00 00:00:00', 0, 0, '', '', 0, '0', 0, 19, 14, '', 0),
(1338, '0000-00-00 00:00:00', '0000-00-00 00:00:00', 0, 0, '', '', 0, '0', 0, 19, 15, '', 0),
(1339, '0000-00-00 00:00:00', '0000-00-00 00:00:00', 0, 0, '', '', 0, '0', 0, 19, 16, '', 0),
(1340, '0000-00-00 00:00:00', '0000-00-00 00:00:00', 0, 0, '', '', 0, '0', 0, 19, 17, '', 0),
(1341, '0000-00-00 00:00:00', '0000-00-00 00:00:00', 0, 0, '', '', 0, '0', 0, 19, 18, '', 0),
(1342, '0000-00-00 00:00:00', '0000-00-00 00:00:00', 0, 0, '', '', 0, '0', 0, 19, 19, '', 0),
(1343, '0000-00-00 00:00:00', '0000-00-00 00:00:00', 0, 0, '', '', 0, '0', 0, 18, 20, '', 0),
(1344, '0000-00-00 00:00:00', '0000-00-00 00:00:00', 0, 0, '', '', 0, '0', 0, 18, 21, '', 0),
(1345, '0000-00-00 00:00:00', '0000-00-00 00:00:00', 0, 0, '', '', 0, '0', 0, 18, 22, '', 0),
(1346, '0000-00-00 00:00:00', '0000-00-00 00:00:00', 0, 0, '', '', 0, '0', 0, 18, 23, '', 0),
(1347, '0000-00-00 00:00:00', '0000-00-00 00:00:00', 0, 0, '', '', 0, '0', 0, 18, 24, '', 0),
(1348, '0000-00-00 00:00:00', '0000-00-00 00:00:00', 0, 0, '', '', 0, '0', 0, 18, 25, '', 0),
(1349, '0000-00-00 00:00:00', '0000-00-00 00:00:00', 0, 0, '', '', 0, '0', 0, 18, 26, '', 0),
(1350, '0000-00-00 00:00:00', '0000-00-00 00:00:00', 0, 0, '', '', 0, '0', 0, 18, 27, '', 0),
(1351, '0000-00-00 00:00:00', '0000-00-00 00:00:00', 0, 0, '', '', 0, '0', 0, 18, 28, '', 0),
(1352, '0000-00-00 00:00:00', '0000-00-00 00:00:00', 0, 0, '', '', 0, '0', 0, 18, 29, '', 0),
(1353, '0000-00-00 00:00:00', '0000-00-00 00:00:00', 0, 0, '', '', 0, '0', 0, 18, 30, '', 0),
(1354, '0000-00-00 00:00:00', '0000-00-00 00:00:00', 0, 0, '', '', 0, '0', 0, 18, 9, '', 0),
(1355, '0000-00-00 00:00:00', '0000-00-00 00:00:00', 0, 0, '', '', 0, '0', 0, 18, 10, '', 0),
(1356, '0000-00-00 00:00:00', '0000-00-00 00:00:00', 0, 0, '', '', 0, '0', 0, 18, 11, '', 0),
(1357, '0000-00-00 00:00:00', '0000-00-00 00:00:00', 0, 0, '', '', 0, '0', 0, 18, 12, '', 0),
(1358, '0000-00-00 00:00:00', '0000-00-00 00:00:00', 0, 0, '', '', 0, '0', 0, 18, 13, '', 0),
(1359, '0000-00-00 00:00:00', '0000-00-00 00:00:00', 0, 0, '', '', 0, '0', 0, 18, 14, '', 0),
(1360, '0000-00-00 00:00:00', '0000-00-00 00:00:00', 0, 0, '', '', 0, '0', 0, 18, 15, '', 0),
(1361, '0000-00-00 00:00:00', '0000-00-00 00:00:00', 0, 0, '', '', 0, '0', 0, 18, 16, '', 0),
(1362, '0000-00-00 00:00:00', '0000-00-00 00:00:00', 0, 0, '', '', 0, '0', 0, 18, 17, '', 0),
(1363, '0000-00-00 00:00:00', '0000-00-00 00:00:00', 0, 0, '', '', 0, '0', 0, 18, 18, '', 0),
(1364, '0000-00-00 00:00:00', '0000-00-00 00:00:00', 0, 0, '', '', 0, '0', 0, 18, 19, '', 0),
(1365, '0000-00-00 00:00:00', '0000-00-00 00:00:00', 0, 0, '', '', 0, '0', 0, 18, 20, '', 0),
(1366, '0000-00-00 00:00:00', '0000-00-00 00:00:00', 0, 0, '', '', 0, '0', 0, 18, 21, '', 0),
(1367, '0000-00-00 00:00:00', '0000-00-00 00:00:00', 0, 0, '', '', 0, '0', 0, 18, 22, '', 0),
(1368, '0000-00-00 00:00:00', '0000-00-00 00:00:00', 0, 0, '', '', 0, '0', 0, 18, 23, '', 0),
(1369, '0000-00-00 00:00:00', '0000-00-00 00:00:00', 0, 0, '', '', 0, '0', 0, 18, 24, '', 0),
(1370, '0000-00-00 00:00:00', '0000-00-00 00:00:00', 0, 0, '', '', 0, '0', 0, 18, 25, '', 0),
(1371, '0000-00-00 00:00:00', '0000-00-00 00:00:00', 0, 0, '', '', 0, '0', 0, 18, 26, '', 0),
(1372, '0000-00-00 00:00:00', '0000-00-00 00:00:00', 0, 0, '', '', 0, '0', 0, 18, 27, '', 0),
(1373, '0000-00-00 00:00:00', '0000-00-00 00:00:00', 0, 0, '', '', 0, '0', 0, 18, 28, '', 0),
(1374, '0000-00-00 00:00:00', '0000-00-00 00:00:00', 0, 0, '', '', 0, '0', 0, 18, 29, '', 0),
(1375, '0000-00-00 00:00:00', '0000-00-00 00:00:00', 0, 0, '', '', 0, '0', 0, 18, 30, '', 0),
(1376, '0000-00-00 00:00:00', '0000-00-00 00:00:00', 0, 0, '', '', 0, '0', 0, 18, 9, '', 0),
(1377, '0000-00-00 00:00:00', '0000-00-00 00:00:00', 0, 0, '', '', 0, '0', 0, 18, 10, '', 0),
(1378, '0000-00-00 00:00:00', '0000-00-00 00:00:00', 0, 0, '', '', 0, '0', 0, 18, 11, '', 0),
(1379, '0000-00-00 00:00:00', '0000-00-00 00:00:00', 0, 0, '', '', 0, '0', 0, 18, 12, '', 0),
(1380, '0000-00-00 00:00:00', '0000-00-00 00:00:00', 0, 0, '', '', 0, '0', 0, 18, 13, '', 0),
(1381, '0000-00-00 00:00:00', '0000-00-00 00:00:00', 0, 0, '', '', 0, '0', 0, 18, 14, '', 0),
(1382, '0000-00-00 00:00:00', '0000-00-00 00:00:00', 0, 0, '', '', 0, '0', 0, 18, 15, '', 0),
(1383, '0000-00-00 00:00:00', '0000-00-00 00:00:00', 0, 0, '', '', 0, '0', 0, 18, 16, '', 0),
(1384, '0000-00-00 00:00:00', '0000-00-00 00:00:00', 0, 0, '', '', 0, '0', 0, 18, 17, '', 0),
(1385, '0000-00-00 00:00:00', '0000-00-00 00:00:00', 0, 0, '', '', 0, '0', 0, 18, 18, '', 0),
(1386, '0000-00-00 00:00:00', '0000-00-00 00:00:00', 0, 0, '', '', 0, '0', 0, 18, 19, '', 0),
(1387, '0000-00-00 00:00:00', '0000-00-00 00:00:00', 0, 0, '', '', 0, '0', 0, 18, 20, '', 0),
(1388, '0000-00-00 00:00:00', '0000-00-00 00:00:00', 0, 0, '', '', 0, '0', 0, 18, 21, '', 0),
(1389, '0000-00-00 00:00:00', '0000-00-00 00:00:00', 0, 0, '', '', 0, '0', 0, 18, 22, '', 0),
(1390, '0000-00-00 00:00:00', '0000-00-00 00:00:00', 0, 0, '', '', 0, '0', 0, 18, 23, '', 0),
(1391, '0000-00-00 00:00:00', '0000-00-00 00:00:00', 0, 0, '', '', 0, '0', 0, 18, 24, '', 0),
(1392, '0000-00-00 00:00:00', '0000-00-00 00:00:00', 0, 0, '', '', 0, '0', 0, 18, 25, '', 0),
(1393, '0000-00-00 00:00:00', '0000-00-00 00:00:00', 0, 0, '', '', 0, '0', 0, 18, 26, '', 0),
(1394, '0000-00-00 00:00:00', '0000-00-00 00:00:00', 0, 0, '', '', 0, '0', 0, 18, 27, '', 0),
(1395, '0000-00-00 00:00:00', '0000-00-00 00:00:00', 0, 0, '', '', 0, '0', 0, 18, 28, '', 0),
(1396, '0000-00-00 00:00:00', '0000-00-00 00:00:00', 0, 0, '', '', 0, '0', 0, 18, 29, '', 0),
(1397, '0000-00-00 00:00:00', '0000-00-00 00:00:00', 0, 0, '', '', 0, '0', 0, 18, 30, '', 0),
(1398, '0000-00-00 00:00:00', '0000-00-00 00:00:00', 0, 0, '', '', 0, '0', 0, 18, 9, '', 0),
(1399, '0000-00-00 00:00:00', '0000-00-00 00:00:00', 0, 0, '', '', 0, '0', 0, 18, 10, '', 0),
(1400, '0000-00-00 00:00:00', '0000-00-00 00:00:00', 0, 0, '', '', 0, '0', 0, 18, 11, '', 0),
(1401, '0000-00-00 00:00:00', '0000-00-00 00:00:00', 0, 0, '', '', 0, '0', 0, 18, 12, '', 0),
(1402, '0000-00-00 00:00:00', '0000-00-00 00:00:00', 0, 0, '', '', 0, '0', 0, 18, 13, '', 0),
(1403, '0000-00-00 00:00:00', '0000-00-00 00:00:00', 0, 0, '', '', 0, '0', 0, 18, 14, '', 0),
(1404, '0000-00-00 00:00:00', '0000-00-00 00:00:00', 0, 0, '', '', 0, '0', 0, 18, 15, '', 0),
(1405, '0000-00-00 00:00:00', '0000-00-00 00:00:00', 0, 0, '', '', 0, '0', 0, 18, 16, '', 0),
(1406, '0000-00-00 00:00:00', '0000-00-00 00:00:00', 0, 0, '', '', 0, '0', 0, 18, 17, '', 0),
(1407, '0000-00-00 00:00:00', '0000-00-00 00:00:00', 0, 0, '', '', 0, '0', 0, 18, 18, '', 0),
(1408, '0000-00-00 00:00:00', '0000-00-00 00:00:00', 0, 0, '', '', 0, '0', 0, 18, 19, '', 0),
(1409, '0000-00-00 00:00:00', '0000-00-00 00:00:00', 0, 0, '', '', 0, '0', 0, 18, 20, '', 0),
(1410, '0000-00-00 00:00:00', '0000-00-00 00:00:00', 0, 0, '', '', 0, '0', 0, 18, 21, '', 0),
(1411, '0000-00-00 00:00:00', '0000-00-00 00:00:00', 0, 0, '', '', 0, '0', 0, 18, 22, '', 0),
(1412, '0000-00-00 00:00:00', '0000-00-00 00:00:00', 0, 0, '', '', 0, '0', 0, 18, 23, '', 0),
(1413, '0000-00-00 00:00:00', '0000-00-00 00:00:00', 0, 0, '', '', 0, '0', 0, 18, 24, '', 0),
(1414, '0000-00-00 00:00:00', '0000-00-00 00:00:00', 0, 0, '', '', 0, '0', 0, 18, 25, '', 0),
(1415, '0000-00-00 00:00:00', '0000-00-00 00:00:00', 0, 0, '', '', 0, '0', 0, 18, 26, '', 0),
(1416, '0000-00-00 00:00:00', '0000-00-00 00:00:00', 0, 0, '', '', 0, '0', 0, 18, 27, '', 0),
(1417, '0000-00-00 00:00:00', '0000-00-00 00:00:00', 0, 0, '', '', 0, '0', 0, 18, 28, '', 0),
(1418, '0000-00-00 00:00:00', '0000-00-00 00:00:00', 0, 0, '', '', 0, '0', 0, 18, 29, '', 0),
(1419, '0000-00-00 00:00:00', '0000-00-00 00:00:00', 0, 0, '', '', 0, '0', 0, 18, 30, '', 0),
(1420, '0000-00-00 00:00:00', '0000-00-00 00:00:00', 0, 0, '', '', 0, '0', 0, 18, 9, '', 0),
(1421, '0000-00-00 00:00:00', '0000-00-00 00:00:00', 0, 0, '', '', 0, '0', 0, 18, 10, '', 0),
(1422, '0000-00-00 00:00:00', '0000-00-00 00:00:00', 0, 0, '', '', 0, '0', 0, 18, 11, '', 0),
(1423, '0000-00-00 00:00:00', '0000-00-00 00:00:00', 0, 0, '', '', 0, '0', 0, 18, 12, '', 0),
(1424, '0000-00-00 00:00:00', '0000-00-00 00:00:00', 0, 0, '', '', 0, '0', 0, 18, 13, '', 0),
(1425, '0000-00-00 00:00:00', '0000-00-00 00:00:00', 0, 0, '', '', 0, '0', 0, 18, 14, '', 0),
(1426, '0000-00-00 00:00:00', '0000-00-00 00:00:00', 0, 0, '', '', 0, '0', 0, 18, 15, '', 0),
(1427, '0000-00-00 00:00:00', '0000-00-00 00:00:00', 0, 0, '', '', 0, '0', 0, 18, 16, '', 0),
(1428, '0000-00-00 00:00:00', '0000-00-00 00:00:00', 0, 0, '', '', 0, '0', 0, 18, 17, '', 0),
(1429, '0000-00-00 00:00:00', '0000-00-00 00:00:00', 0, 0, '', '', 0, '0', 0, 18, 18, '', 0),
(1430, '0000-00-00 00:00:00', '0000-00-00 00:00:00', 0, 0, '', '', 0, '0', 0, 18, 19, '', 0),
(1431, '0000-00-00 00:00:00', '0000-00-00 00:00:00', 0, 0, '', '', 0, '0', 0, 18, 20, '', 0),
(1432, '0000-00-00 00:00:00', '0000-00-00 00:00:00', 0, 0, '', '', 0, '0', 0, 18, 21, '', 0),
(1433, '0000-00-00 00:00:00', '0000-00-00 00:00:00', 0, 0, '', '', 0, '0', 0, 18, 22, '', 0),
(1434, '0000-00-00 00:00:00', '0000-00-00 00:00:00', 0, 0, '', '', 0, '0', 0, 18, 23, '', 0),
(1435, '0000-00-00 00:00:00', '0000-00-00 00:00:00', 0, 0, '', '', 0, '0', 0, 18, 24, '', 0),
(1436, '0000-00-00 00:00:00', '0000-00-00 00:00:00', 0, 0, '', '', 0, '0', 0, 18, 25, '', 0),
(1437, '0000-00-00 00:00:00', '0000-00-00 00:00:00', 0, 0, '', '', 0, '0', 0, 18, 26, '', 0),
(1438, '0000-00-00 00:00:00', '0000-00-00 00:00:00', 0, 0, '', '', 0, '0', 0, 18, 27, '', 0),
(1439, '0000-00-00 00:00:00', '0000-00-00 00:00:00', 0, 0, '', '', 0, '0', 0, 18, 28, '', 0),
(1440, '0000-00-00 00:00:00', '0000-00-00 00:00:00', 0, 0, '', '', 0, '0', 0, 18, 29, '', 0),
(1441, '0000-00-00 00:00:00', '0000-00-00 00:00:00', 0, 0, '', '', 0, '0', 0, 18, 30, '', 0),
(1442, '0000-00-00 00:00:00', '0000-00-00 00:00:00', 0, 0, '', '', 0, '0', 0, 18, 9, '', 0),
(1443, '0000-00-00 00:00:00', '0000-00-00 00:00:00', 0, 0, '', '', 0, '0', 0, 18, 10, '', 0),
(1444, '0000-00-00 00:00:00', '0000-00-00 00:00:00', 0, 0, '', '', 0, '0', 0, 18, 11, '', 0),
(1445, '0000-00-00 00:00:00', '0000-00-00 00:00:00', 0, 0, '', '', 0, '0', 0, 18, 12, '', 0),
(1446, '0000-00-00 00:00:00', '0000-00-00 00:00:00', 0, 0, '', '', 0, '0', 0, 18, 13, '', 0),
(1447, '0000-00-00 00:00:00', '0000-00-00 00:00:00', 0, 0, '', '', 0, '0', 0, 18, 14, '', 0),
(1448, '0000-00-00 00:00:00', '0000-00-00 00:00:00', 0, 0, '', '', 0, '0', 0, 18, 15, '', 0),
(1449, '0000-00-00 00:00:00', '0000-00-00 00:00:00', 0, 0, '', '', 0, '0', 0, 18, 16, '', 0),
(1450, '0000-00-00 00:00:00', '0000-00-00 00:00:00', 0, 0, '', '', 0, '0', 0, 18, 17, '', 0),
(1451, '0000-00-00 00:00:00', '0000-00-00 00:00:00', 0, 0, '', '', 0, '0', 0, 18, 18, '', 0),
(1452, '0000-00-00 00:00:00', '0000-00-00 00:00:00', 0, 0, '', '', 0, '0', 0, 18, 19, '', 0),
(1453, '0000-00-00 00:00:00', '0000-00-00 00:00:00', 0, 0, '', '', 0, '0', 0, 18, 20, '', 0),
(1454, '0000-00-00 00:00:00', '0000-00-00 00:00:00', 0, 0, '', '', 0, '0', 0, 18, 21, '', 0),
(1455, '0000-00-00 00:00:00', '0000-00-00 00:00:00', 0, 0, '', '', 0, '0', 0, 18, 22, '', 0),
(1456, '0000-00-00 00:00:00', '0000-00-00 00:00:00', 0, 0, '', '', 0, '0', 0, 18, 23, '', 0),
(1457, '0000-00-00 00:00:00', '0000-00-00 00:00:00', 0, 0, '', '', 0, '0', 0, 18, 24, '', 0),
(1458, '0000-00-00 00:00:00', '0000-00-00 00:00:00', 0, 0, '', '', 0, '0', 0, 18, 25, '', 0),
(1459, '0000-00-00 00:00:00', '0000-00-00 00:00:00', 0, 0, '', '', 0, '0', 0, 18, 26, '', 0),
(1460, '0000-00-00 00:00:00', '0000-00-00 00:00:00', 0, 0, '', '', 0, '0', 0, 18, 27, '', 0),
(1461, '0000-00-00 00:00:00', '0000-00-00 00:00:00', 0, 0, '', '', 0, '0', 0, 18, 28, '', 0),
(1462, '0000-00-00 00:00:00', '0000-00-00 00:00:00', 0, 0, '', '', 0, '0', 0, 18, 29, '', 0),
(1463, '0000-00-00 00:00:00', '0000-00-00 00:00:00', 0, 0, '', '', 0, '0', 0, 18, 30, '', 0),
(1464, '0000-00-00 00:00:00', '0000-00-00 00:00:00', 0, 0, '', '', 0, '0', 0, 18, 9, '', 0),
(1465, '0000-00-00 00:00:00', '0000-00-00 00:00:00', 0, 0, '', '', 0, '0', 0, 18, 10, '', 0),
(1466, '0000-00-00 00:00:00', '0000-00-00 00:00:00', 0, 0, '', '', 0, '0', 0, 18, 11, '', 0),
(1467, '0000-00-00 00:00:00', '0000-00-00 00:00:00', 0, 0, '', '', 0, '0', 0, 18, 12, '', 0),
(1468, '0000-00-00 00:00:00', '0000-00-00 00:00:00', 0, 0, '', '', 0, '0', 0, 18, 13, '', 0),
(1469, '0000-00-00 00:00:00', '0000-00-00 00:00:00', 0, 0, '', '', 0, '0', 0, 18, 14, '', 0),
(1470, '0000-00-00 00:00:00', '0000-00-00 00:00:00', 0, 0, '', '', 0, '0', 0, 18, 15, '', 0),
(1471, '0000-00-00 00:00:00', '0000-00-00 00:00:00', 0, 0, '', '', 0, '0', 0, 18, 16, '', 0),
(1472, '0000-00-00 00:00:00', '0000-00-00 00:00:00', 0, 0, '', '', 0, '0', 0, 18, 17, '', 0),
(1473, '0000-00-00 00:00:00', '0000-00-00 00:00:00', 0, 0, '', '', 0, '0', 0, 18, 18, '', 0),
(1474, '0000-00-00 00:00:00', '0000-00-00 00:00:00', 0, 0, '', '', 0, '0', 0, 18, 19, '', 0),
(1475, '0000-00-00 00:00:00', '0000-00-00 00:00:00', 0, 0, '', '', 0, '0', 0, 18, 20, '', 0),
(1476, '0000-00-00 00:00:00', '0000-00-00 00:00:00', 0, 0, '', '', 0, '0', 0, 18, 21, '', 0),
(1477, '0000-00-00 00:00:00', '0000-00-00 00:00:00', 0, 0, '', '', 0, '0', 0, 18, 22, '', 0),
(1478, '0000-00-00 00:00:00', '0000-00-00 00:00:00', 0, 0, '', '', 0, '0', 0, 18, 23, '', 0),
(1479, '0000-00-00 00:00:00', '0000-00-00 00:00:00', 0, 0, '', '', 0, '0', 0, 18, 24, '', 0),
(1480, '0000-00-00 00:00:00', '0000-00-00 00:00:00', 0, 0, '', '', 0, '0', 0, 18, 25, '', 0),
(1481, '0000-00-00 00:00:00', '0000-00-00 00:00:00', 0, 0, '', '', 0, '0', 0, 18, 26, '', 0),
(1482, '0000-00-00 00:00:00', '0000-00-00 00:00:00', 0, 0, '', '', 0, '0', 0, 18, 27, '', 0),
(1483, '0000-00-00 00:00:00', '0000-00-00 00:00:00', 0, 0, '', '', 0, '0', 0, 18, 28, '', 0),
(1484, '0000-00-00 00:00:00', '0000-00-00 00:00:00', 0, 0, '', '', 0, '0', 0, 18, 29, '', 0),
(1485, '0000-00-00 00:00:00', '0000-00-00 00:00:00', 0, 0, '', '', 0, '0', 0, 18, 30, '', 0),
(1486, '0000-00-00 00:00:00', '0000-00-00 00:00:00', 0, 0, '', '', 0, '0', 0, 18, 9, '', 0),
(1487, '0000-00-00 00:00:00', '0000-00-00 00:00:00', 0, 0, '', '', 0, '0', 0, 18, 10, '', 0),
(1488, '0000-00-00 00:00:00', '0000-00-00 00:00:00', 0, 0, '', '', 0, '0', 0, 18, 11, '', 0),
(1489, '0000-00-00 00:00:00', '0000-00-00 00:00:00', 0, 0, '', '', 0, '0', 0, 18, 12, '', 0),
(1490, '0000-00-00 00:00:00', '0000-00-00 00:00:00', 0, 0, '', '', 0, '0', 0, 18, 13, '', 0),
(1491, '0000-00-00 00:00:00', '0000-00-00 00:00:00', 0, 0, '', '', 0, '0', 0, 18, 14, '', 0),
(1492, '0000-00-00 00:00:00', '0000-00-00 00:00:00', 0, 0, '', '', 0, '0', 0, 18, 15, '', 0),
(1493, '0000-00-00 00:00:00', '0000-00-00 00:00:00', 0, 0, '', '', 0, '0', 0, 18, 16, '', 0),
(1494, '0000-00-00 00:00:00', '0000-00-00 00:00:00', 0, 0, '', '', 0, '0', 0, 18, 17, '', 0),
(1495, '0000-00-00 00:00:00', '0000-00-00 00:00:00', 0, 0, '', '', 0, '0', 0, 18, 18, '', 0),
(1496, '0000-00-00 00:00:00', '0000-00-00 00:00:00', 0, 0, '', '', 0, '0', 0, 18, 19, '', 0),
(1497, '0000-00-00 00:00:00', '0000-00-00 00:00:00', 0, 0, '', '', 0, '0', 0, 19, 20, '', 0),
(1498, '0000-00-00 00:00:00', '0000-00-00 00:00:00', 0, 0, '', '', 0, '0', 0, 19, 21, '', 0),
(1499, '0000-00-00 00:00:00', '0000-00-00 00:00:00', 0, 0, '', '', 0, '0', 0, 19, 22, '', 0),
(1500, '0000-00-00 00:00:00', '0000-00-00 00:00:00', 0, 0, '', '', 0, '0', 0, 19, 23, '', 0),
(1501, '0000-00-00 00:00:00', '0000-00-00 00:00:00', 0, 0, '', '', 0, '0', 0, 19, 24, '', 0),
(1502, '0000-00-00 00:00:00', '0000-00-00 00:00:00', 0, 0, '', '', 0, '0', 0, 19, 25, '', 0),
(1503, '0000-00-00 00:00:00', '0000-00-00 00:00:00', 0, 0, '', '', 0, '0', 0, 19, 26, '', 0),
(1504, '0000-00-00 00:00:00', '0000-00-00 00:00:00', 0, 0, '', '', 0, '0', 0, 19, 27, '', 0),
(1505, '0000-00-00 00:00:00', '0000-00-00 00:00:00', 0, 0, '', '', 0, '0', 0, 19, 28, '', 0),
(1506, '0000-00-00 00:00:00', '0000-00-00 00:00:00', 0, 0, '', '', 0, '0', 0, 19, 29, '', 0),
(1507, '0000-00-00 00:00:00', '0000-00-00 00:00:00', 0, 0, '', '', 0, '0', 0, 19, 30, '', 0),
(1508, '0000-00-00 00:00:00', '0000-00-00 00:00:00', 0, 0, '', '', 0, '0', 0, 19, 9, '', 0),
(1509, '0000-00-00 00:00:00', '0000-00-00 00:00:00', 0, 0, '', '', 0, '0', 0, 19, 10, '', 0),
(1510, '0000-00-00 00:00:00', '0000-00-00 00:00:00', 0, 0, '', '', 0, '0', 0, 19, 11, '', 0),
(1511, '0000-00-00 00:00:00', '0000-00-00 00:00:00', 0, 0, '', '', 0, '0', 0, 19, 12, '', 0),
(1512, '0000-00-00 00:00:00', '0000-00-00 00:00:00', 0, 0, '', '', 0, '0', 0, 19, 13, '', 0),
(1513, '0000-00-00 00:00:00', '0000-00-00 00:00:00', 0, 0, '', '', 0, '0', 0, 19, 14, '', 0),
(1514, '0000-00-00 00:00:00', '0000-00-00 00:00:00', 0, 0, '', '', 0, '0', 0, 19, 15, '', 0),
(1515, '0000-00-00 00:00:00', '0000-00-00 00:00:00', 0, 0, '', '', 0, '0', 0, 19, 16, '', 0),
(1516, '0000-00-00 00:00:00', '0000-00-00 00:00:00', 0, 0, '', '', 0, '0', 0, 19, 17, '', 0),
(1517, '0000-00-00 00:00:00', '0000-00-00 00:00:00', 0, 0, '', '', 0, '0', 0, 19, 18, '', 0),
(1518, '0000-00-00 00:00:00', '0000-00-00 00:00:00', 0, 0, '', '', 0, '0', 0, 19, 19, '', 0),
(1519, '0000-00-00 00:00:00', '0000-00-00 00:00:00', 0, 0, '', '', 0, '0', 0, 18, 20, '', 0),
(1520, '0000-00-00 00:00:00', '0000-00-00 00:00:00', 0, 0, '', '', 0, '0', 0, 18, 21, '', 0),
(1521, '0000-00-00 00:00:00', '0000-00-00 00:00:00', 0, 0, '', '', 0, '0', 0, 18, 22, '', 0),
(1522, '0000-00-00 00:00:00', '0000-00-00 00:00:00', 0, 0, '', '', 0, '0', 0, 18, 23, '', 0),
(1523, '0000-00-00 00:00:00', '0000-00-00 00:00:00', 0, 0, '', '', 0, '0', 0, 18, 24, '', 0),
(1524, '0000-00-00 00:00:00', '0000-00-00 00:00:00', 0, 0, '', '', 0, '0', 0, 18, 25, '', 0),
(1525, '0000-00-00 00:00:00', '0000-00-00 00:00:00', 0, 0, '', '', 0, '0', 0, 18, 26, '', 0),
(1526, '0000-00-00 00:00:00', '0000-00-00 00:00:00', 0, 0, '', '', 0, '0', 0, 18, 27, '', 0),
(1527, '0000-00-00 00:00:00', '0000-00-00 00:00:00', 0, 0, '', '', 0, '0', 0, 18, 28, '', 0),
(1528, '0000-00-00 00:00:00', '0000-00-00 00:00:00', 0, 0, '', '', 0, '0', 0, 18, 29, '', 0),
(1529, '0000-00-00 00:00:00', '0000-00-00 00:00:00', 0, 0, '', '', 0, '0', 0, 18, 30, '', 0),
(1530, '0000-00-00 00:00:00', '0000-00-00 00:00:00', 0, 0, '', '', 0, '0', 0, 18, 9, '', 0),
(1531, '0000-00-00 00:00:00', '0000-00-00 00:00:00', 0, 0, '', '', 0, '0', 0, 18, 10, '', 0),
(1532, '0000-00-00 00:00:00', '0000-00-00 00:00:00', 0, 0, '', '', 0, '0', 0, 18, 11, '', 0),
(1533, '0000-00-00 00:00:00', '0000-00-00 00:00:00', 0, 0, '', '', 0, '0', 0, 18, 12, '', 0),
(1534, '0000-00-00 00:00:00', '0000-00-00 00:00:00', 0, 0, '', '', 0, '0', 0, 18, 13, '', 0),
(1535, '0000-00-00 00:00:00', '0000-00-00 00:00:00', 0, 0, '', '', 0, '0', 0, 18, 14, '', 0),
(1536, '0000-00-00 00:00:00', '0000-00-00 00:00:00', 0, 0, '', '', 0, '0', 0, 18, 15, '', 0),
(1537, '0000-00-00 00:00:00', '0000-00-00 00:00:00', 0, 0, '', '', 0, '0', 0, 18, 16, '', 0),
(1538, '0000-00-00 00:00:00', '0000-00-00 00:00:00', 0, 0, '', '', 0, '0', 0, 18, 17, '', 0),
(1539, '0000-00-00 00:00:00', '0000-00-00 00:00:00', 0, 0, '', '', 0, '0', 0, 18, 18, '', 0),
(1540, '0000-00-00 00:00:00', '0000-00-00 00:00:00', 0, 0, '', '', 0, '0', 0, 18, 19, '', 0),
(1541, '0000-00-00 00:00:00', '0000-00-00 00:00:00', 0, 0, '', '', 0, '0', 0, 18, 20, '', 0),
(1542, '0000-00-00 00:00:00', '0000-00-00 00:00:00', 0, 0, '', '', 0, '0', 0, 18, 21, '', 0),
(1543, '0000-00-00 00:00:00', '0000-00-00 00:00:00', 0, 0, '', '', 0, '0', 0, 18, 22, '', 0),
(1544, '0000-00-00 00:00:00', '0000-00-00 00:00:00', 0, 0, '', '', 0, '0', 0, 18, 23, '', 0),
(1545, '0000-00-00 00:00:00', '0000-00-00 00:00:00', 0, 0, '', '', 0, '0', 0, 18, 24, '', 0),
(1546, '0000-00-00 00:00:00', '0000-00-00 00:00:00', 0, 0, '', '', 0, '0', 0, 18, 25, '', 0),
(1547, '0000-00-00 00:00:00', '0000-00-00 00:00:00', 0, 0, '', '', 0, '0', 0, 18, 26, '', 0),
(1548, '0000-00-00 00:00:00', '0000-00-00 00:00:00', 0, 0, '', '', 0, '0', 0, 18, 27, '', 0),
(1549, '0000-00-00 00:00:00', '0000-00-00 00:00:00', 0, 0, '', '', 0, '0', 0, 18, 28, '', 0),
(1550, '0000-00-00 00:00:00', '0000-00-00 00:00:00', 0, 0, '', '', 0, '0', 0, 18, 29, '', 0),
(1551, '0000-00-00 00:00:00', '0000-00-00 00:00:00', 0, 0, '', '', 0, '0', 0, 18, 30, '', 0),
(1552, '0000-00-00 00:00:00', '0000-00-00 00:00:00', 0, 0, '', '', 0, '0', 0, 18, 9, '', 0),
(1553, '0000-00-00 00:00:00', '0000-00-00 00:00:00', 0, 0, '', '', 0, '0', 0, 18, 10, '', 0),
(1554, '0000-00-00 00:00:00', '0000-00-00 00:00:00', 0, 0, '', '', 0, '0', 0, 18, 11, '', 0),
(1555, '0000-00-00 00:00:00', '0000-00-00 00:00:00', 0, 0, '', '', 0, '0', 0, 18, 12, '', 0),
(1556, '0000-00-00 00:00:00', '0000-00-00 00:00:00', 0, 0, '', '', 0, '0', 0, 18, 13, '', 0),
(1557, '0000-00-00 00:00:00', '0000-00-00 00:00:00', 0, 0, '', '', 0, '0', 0, 18, 14, '', 0),
(1558, '0000-00-00 00:00:00', '0000-00-00 00:00:00', 0, 0, '', '', 0, '0', 0, 18, 15, '', 0),
(1559, '0000-00-00 00:00:00', '0000-00-00 00:00:00', 0, 0, '', '', 0, '0', 0, 18, 16, '', 0),
(1560, '0000-00-00 00:00:00', '0000-00-00 00:00:00', 0, 0, '', '', 0, '0', 0, 18, 17, '', 0),
(1561, '0000-00-00 00:00:00', '0000-00-00 00:00:00', 0, 0, '', '', 0, '0', 0, 18, 18, '', 0),
(1562, '0000-00-00 00:00:00', '0000-00-00 00:00:00', 0, 0, '', '', 0, '0', 0, 18, 19, '', 0),
(1563, '0000-00-00 00:00:00', '0000-00-00 00:00:00', 0, 0, '', '', 0, '0', 0, 18, 20, '', 0),
(1564, '0000-00-00 00:00:00', '0000-00-00 00:00:00', 0, 0, '', '', 0, '0', 0, 18, 21, '', 0),
(1565, '0000-00-00 00:00:00', '0000-00-00 00:00:00', 0, 0, '', '', 0, '0', 0, 18, 22, '', 0),
(1566, '0000-00-00 00:00:00', '0000-00-00 00:00:00', 0, 0, '', '', 0, '0', 0, 18, 23, '', 0),
(1567, '0000-00-00 00:00:00', '0000-00-00 00:00:00', 0, 0, '', '', 0, '0', 0, 18, 24, '', 0),
(1568, '0000-00-00 00:00:00', '0000-00-00 00:00:00', 0, 0, '', '', 0, '0', 0, 18, 25, '', 0),
(1569, '0000-00-00 00:00:00', '0000-00-00 00:00:00', 0, 0, '', '', 0, '0', 0, 18, 26, '', 0),
(1570, '0000-00-00 00:00:00', '0000-00-00 00:00:00', 0, 0, '', '', 0, '0', 0, 18, 27, '', 0),
(1571, '0000-00-00 00:00:00', '0000-00-00 00:00:00', 0, 0, '', '', 0, '0', 0, 18, 28, '', 0),
(1572, '0000-00-00 00:00:00', '0000-00-00 00:00:00', 0, 0, '', '', 0, '0', 0, 18, 29, '', 0),
(1573, '0000-00-00 00:00:00', '0000-00-00 00:00:00', 0, 0, '', '', 0, '0', 0, 18, 30, '', 0),
(1574, '0000-00-00 00:00:00', '0000-00-00 00:00:00', 0, 0, '', '', 0, '0', 0, 18, 9, '', 0),
(1575, '0000-00-00 00:00:00', '0000-00-00 00:00:00', 0, 0, '', '', 0, '0', 0, 18, 10, '', 0),
(1576, '0000-00-00 00:00:00', '0000-00-00 00:00:00', 0, 0, '', '', 0, '0', 0, 18, 11, '', 0),
(1577, '0000-00-00 00:00:00', '0000-00-00 00:00:00', 0, 0, '', '', 0, '0', 0, 18, 12, '', 0),
(1578, '0000-00-00 00:00:00', '0000-00-00 00:00:00', 0, 0, '', '', 0, '0', 0, 18, 13, '', 0),
(1579, '0000-00-00 00:00:00', '0000-00-00 00:00:00', 0, 0, '', '', 0, '0', 0, 18, 14, '', 0),
(1580, '0000-00-00 00:00:00', '0000-00-00 00:00:00', 0, 0, '', '', 0, '0', 0, 18, 15, '', 0),
(1581, '0000-00-00 00:00:00', '0000-00-00 00:00:00', 0, 0, '', '', 0, '0', 0, 18, 16, '', 0),
(1582, '0000-00-00 00:00:00', '0000-00-00 00:00:00', 0, 0, '', '', 0, '0', 0, 18, 17, '', 0),
(1583, '0000-00-00 00:00:00', '0000-00-00 00:00:00', 0, 0, '', '', 0, '0', 0, 18, 18, '', 0),
(1584, '0000-00-00 00:00:00', '0000-00-00 00:00:00', 0, 0, '', '', 0, '0', 0, 18, 19, '', 0),
(1585, '0000-00-00 00:00:00', '0000-00-00 00:00:00', 0, 0, '', '', 0, '0', 0, 18, 20, '', 0),
(1586, '0000-00-00 00:00:00', '0000-00-00 00:00:00', 0, 0, '', '', 0, '0', 0, 18, 21, '', 0),
(1587, '0000-00-00 00:00:00', '0000-00-00 00:00:00', 0, 0, '', '', 0, '0', 0, 18, 22, '', 0),
(1588, '0000-00-00 00:00:00', '0000-00-00 00:00:00', 0, 0, '', '', 0, '0', 0, 18, 23, '', 0),
(1589, '0000-00-00 00:00:00', '0000-00-00 00:00:00', 0, 0, '', '', 0, '0', 0, 18, 24, '', 0),
(1590, '0000-00-00 00:00:00', '0000-00-00 00:00:00', 0, 0, '', '', 0, '0', 0, 18, 25, '', 0),
(1591, '0000-00-00 00:00:00', '0000-00-00 00:00:00', 0, 0, '', '', 0, '0', 0, 18, 26, '', 0),
(1592, '0000-00-00 00:00:00', '0000-00-00 00:00:00', 0, 0, '', '', 0, '0', 0, 18, 27, '', 0),
(1593, '0000-00-00 00:00:00', '0000-00-00 00:00:00', 0, 0, '', '', 0, '0', 0, 18, 28, '', 0),
(1594, '0000-00-00 00:00:00', '0000-00-00 00:00:00', 0, 0, '', '', 0, '0', 0, 18, 29, '', 0),
(1595, '0000-00-00 00:00:00', '0000-00-00 00:00:00', 0, 0, '', '', 0, '0', 0, 18, 30, '', 0),
(1596, '0000-00-00 00:00:00', '0000-00-00 00:00:00', 0, 0, '', '', 0, '0', 0, 18, 9, '', 0),
(1597, '0000-00-00 00:00:00', '0000-00-00 00:00:00', 0, 0, '', '', 0, '0', 0, 18, 10, '', 0),
(1598, '0000-00-00 00:00:00', '0000-00-00 00:00:00', 0, 0, '', '', 0, '0', 0, 18, 11, '', 0),
(1599, '0000-00-00 00:00:00', '0000-00-00 00:00:00', 0, 0, '', '', 0, '0', 0, 18, 12, '', 0),
(1600, '0000-00-00 00:00:00', '0000-00-00 00:00:00', 0, 0, '', '', 0, '0', 0, 18, 13, '', 0),
(1601, '0000-00-00 00:00:00', '0000-00-00 00:00:00', 0, 0, '', '', 0, '0', 0, 18, 14, '', 0),
(1602, '0000-00-00 00:00:00', '0000-00-00 00:00:00', 0, 0, '', '', 0, '0', 0, 18, 15, '', 0),
(1603, '0000-00-00 00:00:00', '0000-00-00 00:00:00', 0, 0, '', '', 0, '0', 0, 18, 16, '', 0);
INSERT INTO `coursesexperiment` (`id`, `starttime`, `endtime`, `score`, `count`, `scoringmode`, `timemode`, `islimittime`, `isshowscore`, `userid`, `coursesid`, `experimentsid`, `name`, `sort`) VALUES
(1604, '0000-00-00 00:00:00', '0000-00-00 00:00:00', 0, 0, '', '', 0, '0', 0, 18, 17, '', 0),
(1605, '0000-00-00 00:00:00', '0000-00-00 00:00:00', 0, 0, '', '', 0, '0', 0, 18, 18, '', 0),
(1606, '0000-00-00 00:00:00', '0000-00-00 00:00:00', 0, 0, '', '', 0, '0', 0, 18, 19, '', 0),
(1607, '0000-00-00 00:00:00', '0000-00-00 00:00:00', 0, 0, '', '', 0, '0', 0, 18, 20, '', 0),
(1608, '0000-00-00 00:00:00', '0000-00-00 00:00:00', 0, 0, '', '', 0, '0', 0, 18, 21, '', 0),
(1609, '0000-00-00 00:00:00', '0000-00-00 00:00:00', 0, 0, '', '', 0, '0', 0, 18, 22, '', 0),
(1610, '0000-00-00 00:00:00', '0000-00-00 00:00:00', 0, 0, '', '', 0, '0', 0, 18, 23, '', 0),
(1611, '0000-00-00 00:00:00', '0000-00-00 00:00:00', 0, 0, '', '', 0, '0', 0, 18, 24, '', 0),
(1612, '0000-00-00 00:00:00', '0000-00-00 00:00:00', 0, 0, '', '', 0, '0', 0, 18, 25, '', 0),
(1613, '0000-00-00 00:00:00', '0000-00-00 00:00:00', 0, 0, '', '', 0, '0', 0, 18, 26, '', 0),
(1614, '0000-00-00 00:00:00', '0000-00-00 00:00:00', 0, 0, '', '', 0, '0', 0, 18, 27, '', 0),
(1615, '0000-00-00 00:00:00', '0000-00-00 00:00:00', 0, 0, '', '', 0, '0', 0, 18, 28, '', 0),
(1616, '0000-00-00 00:00:00', '0000-00-00 00:00:00', 0, 0, '', '', 0, '0', 0, 18, 29, '', 0),
(1617, '0000-00-00 00:00:00', '0000-00-00 00:00:00', 0, 0, '', '', 0, '0', 0, 18, 30, '', 0),
(1618, '0000-00-00 00:00:00', '0000-00-00 00:00:00', 0, 0, '', '', 0, '0', 0, 18, 9, '', 0),
(1619, '0000-00-00 00:00:00', '0000-00-00 00:00:00', 0, 0, '', '', 0, '0', 0, 18, 10, '', 0),
(1620, '0000-00-00 00:00:00', '0000-00-00 00:00:00', 0, 0, '', '', 0, '0', 0, 18, 11, '', 0),
(1621, '0000-00-00 00:00:00', '0000-00-00 00:00:00', 0, 0, '', '', 0, '0', 0, 18, 12, '', 0),
(1622, '0000-00-00 00:00:00', '0000-00-00 00:00:00', 0, 0, '', '', 0, '0', 0, 18, 13, '', 0),
(1623, '0000-00-00 00:00:00', '0000-00-00 00:00:00', 0, 0, '', '', 0, '0', 0, 18, 14, '', 0),
(1624, '0000-00-00 00:00:00', '0000-00-00 00:00:00', 0, 0, '', '', 0, '0', 0, 18, 15, '', 0),
(1625, '0000-00-00 00:00:00', '0000-00-00 00:00:00', 0, 0, '', '', 0, '0', 0, 18, 16, '', 0),
(1626, '0000-00-00 00:00:00', '0000-00-00 00:00:00', 0, 0, '', '', 0, '0', 0, 18, 17, '', 0),
(1627, '0000-00-00 00:00:00', '0000-00-00 00:00:00', 0, 0, '', '', 0, '0', 0, 18, 18, '', 0),
(1628, '0000-00-00 00:00:00', '0000-00-00 00:00:00', 0, 0, '', '', 0, '0', 0, 18, 19, '', 0),
(1629, '0000-00-00 00:00:00', '0000-00-00 00:00:00', 0, 0, '', '', 0, '', 0, 19, 20, '', 0),
(1630, '0000-00-00 00:00:00', '0000-00-00 00:00:00', 0, 0, '', '', 0, '', 0, 19, 21, '', 0),
(1631, '0000-00-00 00:00:00', '0000-00-00 00:00:00', 0, 0, '', '', 0, '', 0, 19, 22, '', 0),
(1632, '0000-00-00 00:00:00', '0000-00-00 00:00:00', 0, 0, '', '', 0, '', 0, 19, 23, '', 0),
(1633, '0000-00-00 00:00:00', '0000-00-00 00:00:00', 0, 0, '', '', 0, '', 0, 19, 24, '', 0),
(1634, '0000-00-00 00:00:00', '0000-00-00 00:00:00', 0, 0, '', '', 0, '', 0, 19, 25, '', 0),
(1635, '0000-00-00 00:00:00', '0000-00-00 00:00:00', 0, 0, '', '', 0, '', 0, 19, 26, '', 0),
(1636, '0000-00-00 00:00:00', '0000-00-00 00:00:00', 0, 0, '', '', 0, '', 0, 19, 27, '', 0),
(1637, '0000-00-00 00:00:00', '0000-00-00 00:00:00', 0, 0, '', '', 0, '', 0, 19, 28, '', 0),
(1638, '0000-00-00 00:00:00', '0000-00-00 00:00:00', 0, 0, '', '', 0, '', 0, 19, 29, '', 0),
(1639, '0000-00-00 00:00:00', '0000-00-00 00:00:00', 0, 0, '', '', 0, '', 0, 19, 30, '', 0),
(1640, '0000-00-00 00:00:00', '0000-00-00 00:00:00', 0, 0, '', '', 0, '', 0, 19, 9, '', 0),
(1641, '0000-00-00 00:00:00', '0000-00-00 00:00:00', 0, 0, '', '', 0, '', 0, 19, 10, '', 0),
(1642, '0000-00-00 00:00:00', '0000-00-00 00:00:00', 0, 0, '', '', 0, '', 0, 19, 11, '', 0),
(1643, '0000-00-00 00:00:00', '0000-00-00 00:00:00', 0, 0, '', '', 0, '', 0, 19, 12, '', 0),
(1644, '0000-00-00 00:00:00', '0000-00-00 00:00:00', 0, 0, '', '', 0, '', 0, 19, 13, '', 0),
(1645, '0000-00-00 00:00:00', '0000-00-00 00:00:00', 0, 0, '', '', 0, '', 0, 19, 14, '', 0),
(1646, '0000-00-00 00:00:00', '0000-00-00 00:00:00', 0, 0, '', '', 0, '', 0, 19, 15, '', 0),
(1647, '0000-00-00 00:00:00', '0000-00-00 00:00:00', 0, 0, '', '', 0, '', 0, 19, 16, '', 0),
(1648, '0000-00-00 00:00:00', '0000-00-00 00:00:00', 0, 0, '', '', 0, '', 0, 19, 17, '', 0),
(1649, '0000-00-00 00:00:00', '0000-00-00 00:00:00', 0, 0, '', '', 0, '', 0, 19, 18, '', 0),
(1650, '0000-00-00 00:00:00', '0000-00-00 00:00:00', 0, 0, '', '', 0, '', 0, 19, 19, '', 0),
(1651, '2016-08-24 23:36:11', '2016-08-16 23:39:58', 0, 0, '最后成绩', '', 0, '不显示', 0, 20, 25, '排序算法模拟', 0),
(1652, '2016-08-16 23:36:13', '0000-00-00 00:00:00', 0, 0, '', '', 0, '', 0, 20, 23, '算法过程模拟——真假话问题的算法设计', 0),
(1653, '0000-00-00 00:00:00', '0000-00-00 00:00:00', 0, 0, '', '', 0, '', 0, 20, 24, '数组的存储原理仿真', 0),
(1654, '0000-00-00 00:00:00', '0000-00-00 00:00:00', 0, 0, '', '', 0, '', 0, 20, 26, '汉诺塔问题原理模拟', 0),
(1655, '0000-00-00 00:00:00', '0000-00-00 00:00:00', 0, 0, '', '', 0, '', 0, 20, 28, '指针的程序设计', 0),
(1656, '0000-00-00 00:00:00', '0000-00-00 00:00:00', 0, 0, '', '', 0, '', 0, 21, 20, '', 0),
(1657, '0000-00-00 00:00:00', '0000-00-00 00:00:00', 0, 0, '', '', 0, '', 0, 21, 21, '', 0),
(1658, '0000-00-00 00:00:00', '0000-00-00 00:00:00', 0, 0, '最高分', '', 0, '不显示', 0, 22, 24, '数组的存储原理仿真', 0),
(1659, '0000-00-00 00:00:00', '0000-00-00 00:00:00', 0, 0, '', '', 0, '', 0, 23, 22, '', 0),
(1660, '0000-00-00 00:00:00', '0000-00-00 00:00:00', 0, 0, '', '', 0, '', 0, 24, 26, '', 0),
(1661, '0000-00-00 00:00:00', '0000-00-00 00:00:00', 0, 0, '', '', 0, '', 0, 25, 26, '', 0),
(1662, '0000-00-00 00:00:00', '0000-00-00 00:00:00', 0, 0, '', '', 0, '', 0, 25, 26, '', 0),
(1663, '0000-00-00 00:00:00', '0000-00-00 00:00:00', 0, 0, '', '', 0, '', 0, 25, 26, '', 0),
(1664, '0000-00-00 00:00:00', '0000-00-00 00:00:00', 0, 0, '', '', 0, '', 0, 26, 28, '', 0),
(1665, '0000-00-00 00:00:00', '0000-00-00 00:00:00', 0, 0, '', '', 0, '', 0, 27, 29, '', 0),
(1666, '0000-00-00 00:00:00', '0000-00-00 00:00:00', 0, 0, '', '', 0, '', 0, 27, 29, '', 0),
(1667, '0000-00-00 00:00:00', '0000-00-00 00:00:00', 0, 0, '', '', 0, '', 0, 28, 28, '', 0),
(1668, '0000-00-00 00:00:00', '0000-00-00 00:00:00', 0, 0, '', '', 0, '', 0, 29, 28, '', 0),
(1669, '0000-00-00 00:00:00', '0000-00-00 00:00:00', 0, 0, '', '', 0, '', 0, 30, 28, '', 0),
(1670, '0000-00-00 00:00:00', '0000-00-00 00:00:00', 0, 0, '', '', 0, '', 0, 31, 24, '', 0),
(1671, '0000-00-00 00:00:00', '0000-00-00 00:00:00', 0, 0, '', '', 0, '', 0, 33, 28, '', 0),
(1672, '0000-00-00 00:00:00', '0000-00-00 00:00:00', 0, 0, '', '', 0, '', 0, 34, 28, '', 0),
(1673, '0000-00-00 00:00:00', '0000-00-00 00:00:00', 0, 0, '', '', 0, '', 0, 34, 28, '', 0),
(1674, '0000-00-00 00:00:00', '0000-00-00 00:00:00', 0, 0, '', '', 0, '', 0, 35, 25, '', 0),
(1675, '0000-00-00 00:00:00', '0000-00-00 00:00:00', 0, 0, '', '', 0, '', 0, 36, 29, '', 0),
(1676, '0000-00-00 00:00:00', '0000-00-00 00:00:00', 0, 0, '', '', 0, '', 0, 38, 25, '', 0),
(1677, '0000-00-00 00:00:00', '0000-00-00 00:00:00', 0, 0, '', '', 0, '', 0, 38, 24, '', 0),
(1678, '0000-00-00 00:00:00', '0000-00-00 00:00:00', 0, 0, '', '', 0, '', 0, 38, 25, '', 0),
(1679, '0000-00-00 00:00:00', '0000-00-00 00:00:00', 0, 0, '', '', 0, '', 0, 38, 22, '', 0),
(1680, '0000-00-00 00:00:00', '0000-00-00 00:00:00', 0, 0, '', '', 0, '', 0, 38, 23, '', 0),
(1681, '0000-00-00 00:00:00', '0000-00-00 00:00:00', 0, 0, '', '', 0, '', 0, 38, 24, '', 0),
(1682, '0000-00-00 00:00:00', '0000-00-00 00:00:00', 0, 0, '', '', 0, '', 0, 38, 25, '', 10),
(1683, '0000-00-00 00:00:00', '0000-00-00 00:00:00', 0, 0, '', '', 0, '', 0, 38, 22, '', 20),
(1684, '0000-00-00 00:00:00', '0000-00-00 00:00:00', 0, 0, '', '', 0, '', 0, 38, 23, '', 30),
(1685, '0000-00-00 00:00:00', '0000-00-00 00:00:00', 0, 0, '', '', 0, '', 0, 38, 24, '', 10),
(1686, '0000-00-00 00:00:00', '0000-00-00 00:00:00', 0, 0, '', '', 0, '', 0, 38, 25, '', 20),
(1687, '0000-00-00 00:00:00', '0000-00-00 00:00:00', 0, 0, '', '', 0, '', 0, 38, 22, '', 30),
(1688, '0000-00-00 00:00:00', '0000-00-00 00:00:00', 0, 0, '', '', 0, '', 0, 38, 23, '', 40),
(1689, '2016-08-10 16:15:59', '2016-08-18 00:00:00', 0, 0, '最后成绩', '', 0, '不显示', 0, 39, 20, 'C语言结构与语言环境', 40),
(1690, '0000-00-00 00:00:00', '0000-00-00 00:00:00', 0, 0, '', '', 0, '', 0, 39, 21, '选择结构的程序设计', 50),
(1691, '0000-00-00 00:00:00', '0000-00-00 00:00:00', 0, 0, '', '', 0, '', 0, 39, 22, '循环结构的程序设计', 60),
(1692, '0000-00-00 00:00:00', '0000-00-00 00:00:00', 0, 0, '', '', 0, '', 0, 39, 23, '算法过程模拟——真假话问题的算法设计', 70),
(1693, '0000-00-00 00:00:00', '0000-00-00 00:00:00', 0, 0, '', '', 0, '', 0, 39, 24, '数组的存储原理仿真', 80),
(1694, '0000-00-00 00:00:00', '0000-00-00 00:00:00', 0, 0, '', '', 0, '', 0, 39, 25, '排序算法模拟', 90),
(1695, '0000-00-00 00:00:00', '0000-00-00 00:00:00', 0, 0, '', '', 0, '', 0, 39, 26, '汉诺塔问题原理模拟', 100),
(1696, '0000-00-00 00:00:00', '0000-00-00 00:00:00', 0, 0, '', '', 0, '', 0, 39, 27, '函数递归过程仿真——二分法查找法', 110),
(1697, '0000-00-00 00:00:00', '0000-00-00 00:00:00', 0, 0, '', '', 0, '', 0, 39, 28, '指针的程序设计', 120),
(1698, '0000-00-00 00:00:00', '0000-00-00 00:00:00', 0, 0, '', '', 0, '', 0, 39, 29, '结构的程序设计', 130),
(1699, '0000-00-00 00:00:00', '0000-00-00 00:00:00', 0, 0, '', '', 0, '', 0, 39, 30, '', 140),
(1700, '0000-00-00 00:00:00', '0000-00-00 00:00:00', 0, 0, '', '', 0, '', 0, 39, 9, '', 170),
(1701, '0000-00-00 00:00:00', '0000-00-00 00:00:00', 0, 0, '', '', 0, '', 0, 39, 10, '', 180),
(1702, '0000-00-00 00:00:00', '0000-00-00 00:00:00', 0, 0, '', '', 0, '', 0, 39, 11, '', 190),
(1703, '0000-00-00 00:00:00', '0000-00-00 00:00:00', 0, 0, '', '', 0, '', 0, 39, 12, '', 200),
(1704, '0000-00-00 00:00:00', '0000-00-00 00:00:00', 0, 0, '', '', 0, '', 0, 39, 13, '', 210),
(1705, '0000-00-00 00:00:00', '0000-00-00 00:00:00', 0, 0, '', '', 0, '', 0, 39, 14, '', 220),
(1706, '0000-00-00 00:00:00', '0000-00-00 00:00:00', 0, 0, '', '', 0, '', 0, 39, 15, '', 230),
(1707, '0000-00-00 00:00:00', '0000-00-00 00:00:00', 0, 0, '', '', 0, '', 0, 39, 16, '', 240),
(1708, '0000-00-00 00:00:00', '0000-00-00 00:00:00', 0, 0, '', '', 0, '', 0, 39, 17, '', 250),
(1709, '0000-00-00 00:00:00', '0000-00-00 00:00:00', 0, 0, '', '', 0, '', 0, 39, 18, '', 260),
(1710, '0000-00-00 00:00:00', '0000-00-00 00:00:00', 0, 0, '', '', 0, '', 0, 39, 19, '', 270),
(1711, '0000-00-00 00:00:00', '0000-00-00 00:00:00', 0, 0, '', '', 0, '', 0, 39, 20, '', 40),
(1712, '0000-00-00 00:00:00', '0000-00-00 00:00:00', 0, 0, '', '', 0, '', 0, 39, 21, '', 50),
(1713, '0000-00-00 00:00:00', '0000-00-00 00:00:00', 0, 0, '', '', 0, '', 0, 39, 22, '', 60),
(1714, '0000-00-00 00:00:00', '0000-00-00 00:00:00', 0, 0, '', '', 0, '', 0, 39, 23, '', 70),
(1715, '0000-00-00 00:00:00', '0000-00-00 00:00:00', 0, 0, '', '', 0, '', 0, 39, 24, '', 80),
(1716, '0000-00-00 00:00:00', '0000-00-00 00:00:00', 0, 0, '', '', 0, '', 0, 39, 25, '', 90),
(1717, '0000-00-00 00:00:00', '0000-00-00 00:00:00', 0, 0, '', '', 0, '', 0, 39, 26, '', 100),
(1718, '0000-00-00 00:00:00', '0000-00-00 00:00:00', 0, 0, '', '', 0, '', 0, 39, 27, '', 110),
(1719, '0000-00-00 00:00:00', '0000-00-00 00:00:00', 0, 0, '', '', 0, '', 0, 39, 28, '', 120),
(1720, '0000-00-00 00:00:00', '0000-00-00 00:00:00', 0, 0, '', '', 0, '', 0, 39, 29, '', 130),
(1721, '0000-00-00 00:00:00', '0000-00-00 00:00:00', 0, 0, '', '', 0, '', 0, 39, 30, '', 140),
(1722, '0000-00-00 00:00:00', '0000-00-00 00:00:00', 0, 0, '', '', 0, '', 0, 39, 9, '', 170),
(1723, '0000-00-00 00:00:00', '0000-00-00 00:00:00', 0, 0, '', '', 0, '', 0, 39, 10, '', 180),
(1724, '0000-00-00 00:00:00', '0000-00-00 00:00:00', 0, 0, '', '', 0, '', 0, 39, 11, '', 190),
(1725, '0000-00-00 00:00:00', '0000-00-00 00:00:00', 0, 0, '', '', 0, '', 0, 39, 12, '', 200),
(1726, '0000-00-00 00:00:00', '0000-00-00 00:00:00', 0, 0, '', '', 0, '', 0, 39, 13, '', 210),
(1727, '0000-00-00 00:00:00', '0000-00-00 00:00:00', 0, 0, '', '', 0, '', 0, 39, 14, '', 220),
(1728, '0000-00-00 00:00:00', '0000-00-00 00:00:00', 0, 0, '', '', 0, '', 0, 39, 15, '', 230),
(1729, '0000-00-00 00:00:00', '0000-00-00 00:00:00', 0, 0, '', '', 0, '', 0, 39, 16, '', 240),
(1730, '0000-00-00 00:00:00', '0000-00-00 00:00:00', 0, 0, '', '', 0, '', 0, 39, 17, '', 250),
(1731, '0000-00-00 00:00:00', '0000-00-00 00:00:00', 0, 0, '', '', 0, '', 0, 39, 18, '', 260),
(1732, '0000-00-00 00:00:00', '0000-00-00 00:00:00', 0, 0, '', '', 0, '', 0, 39, 19, '', 270),
(1733, '0000-00-00 00:00:00', '0000-00-00 00:00:00', 0, 0, '', '', 0, '', 0, 39, 20, '', 40),
(1734, '0000-00-00 00:00:00', '0000-00-00 00:00:00', 0, 0, '', '', 0, '', 0, 39, 21, '', 50),
(1735, '0000-00-00 00:00:00', '0000-00-00 00:00:00', 0, 0, '', '', 0, '', 0, 39, 22, '', 60),
(1736, '0000-00-00 00:00:00', '0000-00-00 00:00:00', 0, 0, '', '', 0, '', 0, 39, 23, '', 70),
(1737, '0000-00-00 00:00:00', '0000-00-00 00:00:00', 0, 0, '', '', 0, '', 0, 39, 24, '', 80),
(1738, '0000-00-00 00:00:00', '0000-00-00 00:00:00', 0, 0, '', '', 0, '', 0, 39, 25, '', 90),
(1739, '0000-00-00 00:00:00', '0000-00-00 00:00:00', 0, 0, '', '', 0, '', 0, 39, 26, '', 100),
(1740, '0000-00-00 00:00:00', '0000-00-00 00:00:00', 0, 0, '', '', 0, '', 0, 39, 27, '', 110),
(1741, '0000-00-00 00:00:00', '0000-00-00 00:00:00', 0, 0, '', '', 0, '', 0, 39, 28, '', 120),
(1742, '0000-00-00 00:00:00', '0000-00-00 00:00:00', 0, 0, '', '', 0, '', 0, 39, 29, '', 130),
(1743, '0000-00-00 00:00:00', '0000-00-00 00:00:00', 0, 0, '', '', 0, '', 0, 39, 30, '', 140),
(1744, '0000-00-00 00:00:00', '0000-00-00 00:00:00', 0, 0, '', '', 0, '', 0, 39, 9, '', 170),
(1745, '0000-00-00 00:00:00', '0000-00-00 00:00:00', 0, 0, '', '', 0, '', 0, 39, 10, '', 180),
(1746, '0000-00-00 00:00:00', '0000-00-00 00:00:00', 0, 0, '', '', 0, '', 0, 39, 11, '', 190),
(1747, '0000-00-00 00:00:00', '0000-00-00 00:00:00', 0, 0, '', '', 0, '', 0, 39, 12, '', 200),
(1748, '0000-00-00 00:00:00', '0000-00-00 00:00:00', 0, 0, '', '', 0, '', 0, 39, 13, '', 210),
(1749, '0000-00-00 00:00:00', '0000-00-00 00:00:00', 0, 0, '', '', 0, '', 0, 39, 14, '', 220),
(1750, '0000-00-00 00:00:00', '0000-00-00 00:00:00', 0, 0, '', '', 0, '', 0, 39, 15, '', 230),
(1751, '0000-00-00 00:00:00', '0000-00-00 00:00:00', 0, 0, '', '', 0, '', 0, 39, 16, '', 240),
(1752, '0000-00-00 00:00:00', '0000-00-00 00:00:00', 0, 0, '', '', 0, '', 0, 39, 17, '', 250),
(1753, '0000-00-00 00:00:00', '0000-00-00 00:00:00', 0, 0, '', '', 0, '', 0, 39, 18, '', 260),
(1754, '0000-00-00 00:00:00', '0000-00-00 00:00:00', 0, 0, '', '', 0, '', 0, 39, 19, '', 270),
(1755, '0000-00-00 00:00:00', '0000-00-00 00:00:00', 0, 0, '', '', 0, '', 0, 39, 20, '', 40),
(1756, '0000-00-00 00:00:00', '0000-00-00 00:00:00', 0, 0, '', '', 0, '', 0, 39, 21, '', 50),
(1757, '0000-00-00 00:00:00', '0000-00-00 00:00:00', 0, 0, '', '', 0, '', 0, 39, 22, '', 60),
(1758, '0000-00-00 00:00:00', '0000-00-00 00:00:00', 0, 0, '', '', 0, '', 0, 39, 23, '', 70),
(1759, '0000-00-00 00:00:00', '0000-00-00 00:00:00', 0, 0, '', '', 0, '', 0, 39, 24, '', 80),
(1760, '0000-00-00 00:00:00', '0000-00-00 00:00:00', 0, 0, '', '', 0, '', 0, 39, 25, '', 90),
(1761, '0000-00-00 00:00:00', '0000-00-00 00:00:00', 0, 0, '', '', 0, '', 0, 39, 26, '', 100),
(1762, '0000-00-00 00:00:00', '0000-00-00 00:00:00', 0, 0, '', '', 0, '', 0, 39, 27, '', 110),
(1763, '0000-00-00 00:00:00', '0000-00-00 00:00:00', 0, 0, '', '', 0, '', 0, 39, 28, '', 120),
(1764, '0000-00-00 00:00:00', '0000-00-00 00:00:00', 0, 0, '', '', 0, '', 0, 39, 29, '', 130),
(1765, '0000-00-00 00:00:00', '0000-00-00 00:00:00', 0, 0, '', '', 0, '', 0, 39, 30, '', 140),
(1766, '0000-00-00 00:00:00', '0000-00-00 00:00:00', 0, 0, '', '', 0, '', 0, 39, 9, '', 170),
(1767, '0000-00-00 00:00:00', '0000-00-00 00:00:00', 0, 0, '', '', 0, '', 0, 39, 10, '', 180),
(1768, '0000-00-00 00:00:00', '0000-00-00 00:00:00', 0, 0, '', '', 0, '', 0, 39, 11, '', 190),
(1769, '0000-00-00 00:00:00', '0000-00-00 00:00:00', 0, 0, '', '', 0, '', 0, 39, 12, '', 200),
(1770, '0000-00-00 00:00:00', '0000-00-00 00:00:00', 0, 0, '', '', 0, '', 0, 39, 13, '', 210),
(1771, '0000-00-00 00:00:00', '0000-00-00 00:00:00', 0, 0, '', '', 0, '', 0, 39, 14, '', 220),
(1772, '0000-00-00 00:00:00', '0000-00-00 00:00:00', 0, 0, '', '', 0, '', 0, 39, 15, '', 230),
(1773, '0000-00-00 00:00:00', '0000-00-00 00:00:00', 0, 0, '', '', 0, '', 0, 39, 16, '', 240),
(1774, '0000-00-00 00:00:00', '0000-00-00 00:00:00', 0, 0, '', '', 0, '', 0, 39, 17, '', 250),
(1775, '0000-00-00 00:00:00', '0000-00-00 00:00:00', 0, 0, '', '', 0, '', 0, 39, 18, '', 260),
(1776, '0000-00-00 00:00:00', '0000-00-00 00:00:00', 0, 0, '', '', 0, '', 0, 39, 19, '', 270),
(1777, '0000-00-00 00:00:00', '0000-00-00 00:00:00', 0, 0, '', '', 0, '', 0, 39, 20, '', 40),
(1778, '0000-00-00 00:00:00', '0000-00-00 00:00:00', 0, 0, '', '', 0, '', 0, 39, 21, '', 50),
(1779, '0000-00-00 00:00:00', '0000-00-00 00:00:00', 0, 0, '', '', 0, '', 0, 39, 22, '', 60),
(1780, '0000-00-00 00:00:00', '0000-00-00 00:00:00', 0, 0, '', '', 0, '', 0, 39, 23, '', 70),
(1781, '0000-00-00 00:00:00', '0000-00-00 00:00:00', 0, 0, '', '', 0, '', 0, 39, 24, '', 80),
(1782, '0000-00-00 00:00:00', '0000-00-00 00:00:00', 0, 0, '', '', 0, '', 0, 39, 25, '', 90),
(1783, '0000-00-00 00:00:00', '0000-00-00 00:00:00', 0, 0, '', '', 0, '', 0, 39, 26, '', 100),
(1784, '0000-00-00 00:00:00', '0000-00-00 00:00:00', 0, 0, '', '', 0, '', 0, 39, 27, '', 110),
(1785, '0000-00-00 00:00:00', '0000-00-00 00:00:00', 0, 0, '', '', 0, '', 0, 39, 28, '', 120),
(1786, '0000-00-00 00:00:00', '0000-00-00 00:00:00', 0, 0, '', '', 0, '', 0, 39, 29, '', 130),
(1787, '0000-00-00 00:00:00', '0000-00-00 00:00:00', 0, 0, '', '', 0, '', 0, 39, 30, '', 140),
(1788, '0000-00-00 00:00:00', '0000-00-00 00:00:00', 0, 0, '', '', 0, '', 0, 39, 9, '', 170),
(1789, '0000-00-00 00:00:00', '0000-00-00 00:00:00', 0, 0, '', '', 0, '', 0, 39, 10, '', 180),
(1790, '0000-00-00 00:00:00', '0000-00-00 00:00:00', 0, 0, '', '', 0, '', 0, 39, 11, '', 190),
(1791, '0000-00-00 00:00:00', '0000-00-00 00:00:00', 0, 0, '', '', 0, '', 0, 39, 12, '', 200),
(1792, '0000-00-00 00:00:00', '0000-00-00 00:00:00', 0, 0, '', '', 0, '', 0, 39, 13, '', 210),
(1793, '0000-00-00 00:00:00', '0000-00-00 00:00:00', 0, 0, '', '', 0, '', 0, 39, 14, '', 220),
(1794, '0000-00-00 00:00:00', '0000-00-00 00:00:00', 0, 0, '', '', 0, '', 0, 39, 15, '', 230),
(1795, '0000-00-00 00:00:00', '0000-00-00 00:00:00', 0, 0, '', '', 0, '', 0, 39, 16, '', 240),
(1796, '0000-00-00 00:00:00', '0000-00-00 00:00:00', 0, 0, '', '', 0, '', 0, 39, 17, '', 250),
(1797, '0000-00-00 00:00:00', '0000-00-00 00:00:00', 0, 0, '', '', 0, '', 0, 39, 18, '', 260),
(1798, '0000-00-00 00:00:00', '0000-00-00 00:00:00', 0, 0, '', '', 0, '', 0, 39, 19, '', 270),
(1799, '0000-00-00 00:00:00', '0000-00-00 00:00:00', 0, 0, '', '', 0, '', 0, 39, 20, '', 40),
(1800, '0000-00-00 00:00:00', '0000-00-00 00:00:00', 0, 0, '', '', 0, '', 0, 39, 21, '', 50),
(1801, '0000-00-00 00:00:00', '0000-00-00 00:00:00', 0, 0, '', '', 0, '', 0, 39, 22, '', 60),
(1802, '0000-00-00 00:00:00', '0000-00-00 00:00:00', 0, 0, '', '', 0, '', 0, 39, 23, '', 70),
(1803, '0000-00-00 00:00:00', '0000-00-00 00:00:00', 0, 0, '', '', 0, '', 0, 39, 24, '', 80),
(1804, '0000-00-00 00:00:00', '0000-00-00 00:00:00', 0, 0, '', '', 0, '', 0, 39, 25, '', 90),
(1805, '0000-00-00 00:00:00', '0000-00-00 00:00:00', 0, 0, '', '', 0, '', 0, 39, 26, '', 100),
(1806, '0000-00-00 00:00:00', '0000-00-00 00:00:00', 0, 0, '', '', 0, '', 0, 39, 27, '', 110),
(1807, '0000-00-00 00:00:00', '0000-00-00 00:00:00', 0, 0, '', '', 0, '', 0, 39, 28, '', 120),
(1808, '0000-00-00 00:00:00', '0000-00-00 00:00:00', 0, 0, '', '', 0, '', 0, 39, 29, '', 130),
(1809, '0000-00-00 00:00:00', '0000-00-00 00:00:00', 0, 0, '', '', 0, '', 0, 39, 30, '', 140),
(1810, '0000-00-00 00:00:00', '0000-00-00 00:00:00', 0, 0, '', '', 0, '', 0, 39, 9, '', 170),
(1811, '0000-00-00 00:00:00', '0000-00-00 00:00:00', 0, 0, '', '', 0, '', 0, 39, 10, '', 180),
(1812, '0000-00-00 00:00:00', '0000-00-00 00:00:00', 0, 0, '', '', 0, '', 0, 39, 11, '', 190),
(1813, '0000-00-00 00:00:00', '0000-00-00 00:00:00', 0, 0, '', '', 0, '', 0, 39, 12, '', 200),
(1814, '0000-00-00 00:00:00', '0000-00-00 00:00:00', 0, 0, '', '', 0, '', 0, 39, 13, '', 210),
(1815, '0000-00-00 00:00:00', '0000-00-00 00:00:00', 0, 0, '', '', 0, '', 0, 39, 14, '', 220),
(1816, '0000-00-00 00:00:00', '0000-00-00 00:00:00', 0, 0, '', '', 0, '', 0, 39, 15, '', 230),
(1817, '0000-00-00 00:00:00', '0000-00-00 00:00:00', 0, 0, '', '', 0, '', 0, 39, 16, '', 240),
(1818, '0000-00-00 00:00:00', '0000-00-00 00:00:00', 0, 0, '', '', 0, '', 0, 39, 17, '', 250),
(1819, '0000-00-00 00:00:00', '0000-00-00 00:00:00', 0, 0, '', '', 0, '', 0, 39, 18, '', 260),
(1820, '0000-00-00 00:00:00', '0000-00-00 00:00:00', 0, 0, '', '', 0, '', 0, 39, 19, '', 270),
(1821, '0000-00-00 00:00:00', '0000-00-00 00:00:00', 0, 0, '', '', 0, '', 0, 39, 20, '', 40),
(1822, '0000-00-00 00:00:00', '0000-00-00 00:00:00', 0, 0, '', '', 0, '', 0, 39, 21, '', 50),
(1823, '0000-00-00 00:00:00', '0000-00-00 00:00:00', 0, 0, '', '', 0, '', 0, 39, 22, '', 60),
(1824, '0000-00-00 00:00:00', '0000-00-00 00:00:00', 0, 0, '', '', 0, '', 0, 39, 23, '', 70),
(1825, '0000-00-00 00:00:00', '0000-00-00 00:00:00', 0, 0, '', '', 0, '', 0, 39, 24, '', 80),
(1826, '0000-00-00 00:00:00', '0000-00-00 00:00:00', 0, 0, '', '', 0, '', 0, 39, 25, '', 90),
(1827, '0000-00-00 00:00:00', '0000-00-00 00:00:00', 0, 0, '', '', 0, '', 0, 39, 26, '', 100),
(1828, '0000-00-00 00:00:00', '0000-00-00 00:00:00', 0, 0, '', '', 0, '', 0, 39, 27, '', 110),
(1829, '0000-00-00 00:00:00', '0000-00-00 00:00:00', 0, 0, '', '', 0, '', 0, 39, 28, '', 120),
(1830, '0000-00-00 00:00:00', '0000-00-00 00:00:00', 0, 0, '', '', 0, '', 0, 39, 29, '', 130),
(1831, '0000-00-00 00:00:00', '0000-00-00 00:00:00', 0, 0, '', '', 0, '', 0, 39, 30, '', 140),
(1832, '0000-00-00 00:00:00', '0000-00-00 00:00:00', 0, 0, '', '', 0, '', 0, 39, 9, '', 170),
(1833, '0000-00-00 00:00:00', '0000-00-00 00:00:00', 0, 0, '', '', 0, '', 0, 39, 10, '', 180),
(1834, '0000-00-00 00:00:00', '0000-00-00 00:00:00', 0, 0, '', '', 0, '', 0, 39, 11, '', 190),
(1835, '0000-00-00 00:00:00', '0000-00-00 00:00:00', 0, 0, '', '', 0, '', 0, 39, 12, '', 200),
(1836, '0000-00-00 00:00:00', '0000-00-00 00:00:00', 0, 0, '', '', 0, '', 0, 39, 13, '', 210),
(1837, '0000-00-00 00:00:00', '0000-00-00 00:00:00', 0, 0, '', '', 0, '', 0, 39, 14, '', 220),
(1838, '0000-00-00 00:00:00', '0000-00-00 00:00:00', 0, 0, '', '', 0, '', 0, 39, 15, '', 230),
(1839, '0000-00-00 00:00:00', '0000-00-00 00:00:00', 0, 0, '', '', 0, '', 0, 39, 16, '', 240),
(1840, '0000-00-00 00:00:00', '0000-00-00 00:00:00', 0, 0, '', '', 0, '', 0, 39, 17, '', 250),
(1841, '0000-00-00 00:00:00', '0000-00-00 00:00:00', 0, 0, '', '', 0, '', 0, 39, 18, '', 260),
(1842, '0000-00-00 00:00:00', '0000-00-00 00:00:00', 0, 0, '', '', 0, '', 0, 39, 19, '', 270),
(1843, '0000-00-00 00:00:00', '0000-00-00 00:00:00', 0, 0, '', '', 0, '', 0, 39, 20, '', 40),
(1844, '0000-00-00 00:00:00', '0000-00-00 00:00:00', 0, 0, '', '', 0, '', 0, 39, 21, '', 50),
(1845, '0000-00-00 00:00:00', '0000-00-00 00:00:00', 0, 0, '', '', 0, '', 0, 39, 22, '', 60),
(1846, '0000-00-00 00:00:00', '0000-00-00 00:00:00', 0, 0, '', '', 0, '', 0, 39, 23, '', 70),
(1847, '0000-00-00 00:00:00', '0000-00-00 00:00:00', 0, 0, '', '', 0, '', 0, 39, 24, '', 80),
(1848, '0000-00-00 00:00:00', '0000-00-00 00:00:00', 0, 0, '', '', 0, '', 0, 39, 25, '', 90),
(1849, '0000-00-00 00:00:00', '0000-00-00 00:00:00', 0, 0, '', '', 0, '', 0, 39, 26, '', 100),
(1850, '0000-00-00 00:00:00', '0000-00-00 00:00:00', 0, 0, '', '', 0, '', 0, 39, 27, '', 110),
(1851, '0000-00-00 00:00:00', '0000-00-00 00:00:00', 0, 0, '', '', 0, '', 0, 39, 28, '', 120),
(1852, '0000-00-00 00:00:00', '0000-00-00 00:00:00', 0, 0, '', '', 0, '', 0, 39, 29, '', 130),
(1853, '0000-00-00 00:00:00', '0000-00-00 00:00:00', 0, 0, '', '', 0, '', 0, 39, 30, '', 140),
(1854, '0000-00-00 00:00:00', '0000-00-00 00:00:00', 0, 0, '', '', 0, '', 0, 39, 9, '', 170),
(1855, '0000-00-00 00:00:00', '0000-00-00 00:00:00', 0, 0, '', '', 0, '', 0, 39, 10, '', 180),
(1856, '0000-00-00 00:00:00', '0000-00-00 00:00:00', 0, 0, '', '', 0, '', 0, 39, 11, '', 190),
(1857, '0000-00-00 00:00:00', '0000-00-00 00:00:00', 0, 0, '', '', 0, '', 0, 39, 12, '', 200),
(1858, '0000-00-00 00:00:00', '0000-00-00 00:00:00', 0, 0, '', '', 0, '', 0, 39, 13, '', 210),
(1859, '0000-00-00 00:00:00', '0000-00-00 00:00:00', 0, 0, '', '', 0, '', 0, 39, 14, '', 220),
(1860, '0000-00-00 00:00:00', '0000-00-00 00:00:00', 0, 0, '', '', 0, '', 0, 39, 15, '', 230),
(1861, '0000-00-00 00:00:00', '0000-00-00 00:00:00', 0, 0, '', '', 0, '', 0, 39, 16, '', 240),
(1862, '0000-00-00 00:00:00', '0000-00-00 00:00:00', 0, 0, '', '', 0, '', 0, 39, 17, '', 250),
(1863, '0000-00-00 00:00:00', '0000-00-00 00:00:00', 0, 0, '', '', 0, '', 0, 39, 18, '', 260),
(1864, '0000-00-00 00:00:00', '0000-00-00 00:00:00', 0, 0, '', '', 0, '', 0, 39, 19, '', 270),
(1865, '0000-00-00 00:00:00', '0000-00-00 00:00:00', 0, 0, '', '', 0, '', 0, 39, 20, '', 40),
(1866, '0000-00-00 00:00:00', '0000-00-00 00:00:00', 0, 0, '', '', 0, '', 0, 39, 21, '', 50),
(1867, '0000-00-00 00:00:00', '0000-00-00 00:00:00', 0, 0, '', '', 0, '', 0, 39, 22, '', 60),
(1868, '0000-00-00 00:00:00', '0000-00-00 00:00:00', 0, 0, '', '', 0, '', 0, 39, 23, '', 70),
(1869, '0000-00-00 00:00:00', '0000-00-00 00:00:00', 0, 0, '', '', 0, '', 0, 39, 24, '', 80),
(1870, '0000-00-00 00:00:00', '0000-00-00 00:00:00', 0, 0, '', '', 0, '', 0, 39, 25, '', 90),
(1871, '0000-00-00 00:00:00', '0000-00-00 00:00:00', 0, 0, '', '', 0, '', 0, 39, 26, '', 100),
(1872, '0000-00-00 00:00:00', '0000-00-00 00:00:00', 0, 0, '', '', 0, '', 0, 39, 27, '', 110),
(1873, '0000-00-00 00:00:00', '0000-00-00 00:00:00', 0, 0, '', '', 0, '', 0, 39, 28, '', 120),
(1874, '0000-00-00 00:00:00', '0000-00-00 00:00:00', 0, 0, '', '', 0, '', 0, 39, 29, '', 130),
(1875, '0000-00-00 00:00:00', '0000-00-00 00:00:00', 0, 0, '', '', 0, '', 0, 39, 30, '', 140),
(1876, '0000-00-00 00:00:00', '0000-00-00 00:00:00', 0, 0, '', '', 0, '', 0, 39, 9, '', 170),
(1877, '0000-00-00 00:00:00', '0000-00-00 00:00:00', 0, 0, '', '', 0, '', 0, 39, 10, '', 180),
(1878, '0000-00-00 00:00:00', '0000-00-00 00:00:00', 0, 0, '', '', 0, '', 0, 39, 11, '', 190),
(1879, '0000-00-00 00:00:00', '0000-00-00 00:00:00', 0, 0, '', '', 0, '', 0, 39, 12, '', 200),
(1880, '0000-00-00 00:00:00', '0000-00-00 00:00:00', 0, 0, '', '', 0, '', 0, 39, 13, '', 210),
(1881, '0000-00-00 00:00:00', '0000-00-00 00:00:00', 0, 0, '', '', 0, '', 0, 39, 14, '', 220),
(1882, '0000-00-00 00:00:00', '0000-00-00 00:00:00', 0, 0, '', '', 0, '', 0, 39, 15, '', 230),
(1883, '0000-00-00 00:00:00', '0000-00-00 00:00:00', 0, 0, '', '', 0, '', 0, 39, 16, '', 240),
(1884, '0000-00-00 00:00:00', '0000-00-00 00:00:00', 0, 0, '', '', 0, '', 0, 39, 17, '', 250),
(1885, '0000-00-00 00:00:00', '0000-00-00 00:00:00', 0, 0, '', '', 0, '', 0, 39, 18, '', 260),
(1886, '0000-00-00 00:00:00', '0000-00-00 00:00:00', 0, 0, '', '', 0, '', 0, 39, 19, '', 270),
(1887, '0000-00-00 00:00:00', '0000-00-00 00:00:00', 0, 0, '', '', 0, '', 0, 39, 20, '', 40),
(1888, '0000-00-00 00:00:00', '0000-00-00 00:00:00', 0, 0, '', '', 0, '', 0, 39, 21, '', 50),
(1889, '0000-00-00 00:00:00', '0000-00-00 00:00:00', 0, 0, '', '', 0, '', 0, 39, 22, '', 60),
(1890, '0000-00-00 00:00:00', '0000-00-00 00:00:00', 0, 0, '', '', 0, '', 0, 39, 23, '', 70),
(1891, '0000-00-00 00:00:00', '0000-00-00 00:00:00', 0, 0, '', '', 0, '', 0, 39, 24, '', 80),
(1892, '0000-00-00 00:00:00', '0000-00-00 00:00:00', 0, 0, '', '', 0, '', 0, 39, 25, '', 90),
(1893, '0000-00-00 00:00:00', '0000-00-00 00:00:00', 0, 0, '', '', 0, '', 0, 39, 26, '', 100),
(1894, '0000-00-00 00:00:00', '0000-00-00 00:00:00', 0, 0, '', '', 0, '', 0, 39, 27, '', 110),
(1895, '0000-00-00 00:00:00', '0000-00-00 00:00:00', 0, 0, '', '', 0, '', 0, 39, 28, '', 120),
(1896, '0000-00-00 00:00:00', '0000-00-00 00:00:00', 0, 0, '', '', 0, '', 0, 39, 29, '', 130),
(1897, '0000-00-00 00:00:00', '0000-00-00 00:00:00', 0, 0, '', '', 0, '', 0, 39, 30, '', 140),
(1898, '0000-00-00 00:00:00', '0000-00-00 00:00:00', 0, 0, '', '', 0, '', 0, 39, 9, '', 170),
(1899, '0000-00-00 00:00:00', '0000-00-00 00:00:00', 0, 0, '', '', 0, '', 0, 39, 10, '', 180),
(1900, '0000-00-00 00:00:00', '0000-00-00 00:00:00', 0, 0, '', '', 0, '', 0, 39, 11, '', 190),
(1901, '0000-00-00 00:00:00', '0000-00-00 00:00:00', 0, 0, '', '', 0, '', 0, 39, 12, '', 200),
(1902, '0000-00-00 00:00:00', '0000-00-00 00:00:00', 0, 0, '', '', 0, '', 0, 39, 13, '', 210),
(1903, '0000-00-00 00:00:00', '0000-00-00 00:00:00', 0, 0, '', '', 0, '', 0, 39, 14, '', 220),
(1904, '0000-00-00 00:00:00', '0000-00-00 00:00:00', 0, 0, '', '', 0, '', 0, 39, 15, '', 230),
(1905, '0000-00-00 00:00:00', '0000-00-00 00:00:00', 0, 0, '', '', 0, '', 0, 39, 16, '', 240),
(1906, '0000-00-00 00:00:00', '0000-00-00 00:00:00', 0, 0, '', '', 0, '', 0, 39, 17, '', 250),
(1907, '0000-00-00 00:00:00', '0000-00-00 00:00:00', 0, 0, '', '', 0, '', 0, 39, 18, '', 260),
(1908, '0000-00-00 00:00:00', '0000-00-00 00:00:00', 0, 0, '', '', 0, '', 0, 39, 19, '', 270),
(1909, '0000-00-00 00:00:00', '0000-00-00 00:00:00', 0, 0, '', '', 0, '', 0, 39, 20, '', 40),
(1910, '0000-00-00 00:00:00', '0000-00-00 00:00:00', 0, 0, '', '', 0, '', 0, 39, 21, '', 50),
(1911, '0000-00-00 00:00:00', '0000-00-00 00:00:00', 0, 0, '', '', 0, '', 0, 39, 22, '', 60),
(1912, '0000-00-00 00:00:00', '0000-00-00 00:00:00', 0, 0, '', '', 0, '', 0, 39, 23, '', 70),
(1913, '0000-00-00 00:00:00', '0000-00-00 00:00:00', 0, 0, '', '', 0, '', 0, 39, 24, '', 80),
(1914, '0000-00-00 00:00:00', '0000-00-00 00:00:00', 0, 0, '', '', 0, '', 0, 39, 25, '', 90),
(1915, '0000-00-00 00:00:00', '0000-00-00 00:00:00', 0, 0, '', '', 0, '', 0, 39, 26, '', 100),
(1916, '0000-00-00 00:00:00', '0000-00-00 00:00:00', 0, 0, '', '', 0, '', 0, 39, 27, '', 110),
(1917, '0000-00-00 00:00:00', '0000-00-00 00:00:00', 0, 0, '', '', 0, '', 0, 39, 28, '', 120),
(1918, '0000-00-00 00:00:00', '0000-00-00 00:00:00', 0, 0, '', '', 0, '', 0, 39, 29, '', 130),
(1919, '0000-00-00 00:00:00', '0000-00-00 00:00:00', 0, 0, '', '', 0, '', 0, 39, 30, '', 140),
(1920, '0000-00-00 00:00:00', '0000-00-00 00:00:00', 0, 0, '', '', 0, '', 0, 39, 9, '', 170),
(1921, '0000-00-00 00:00:00', '0000-00-00 00:00:00', 0, 0, '', '', 0, '', 0, 39, 10, '', 180),
(1922, '0000-00-00 00:00:00', '0000-00-00 00:00:00', 0, 0, '', '', 0, '', 0, 39, 11, '', 190),
(1923, '0000-00-00 00:00:00', '0000-00-00 00:00:00', 0, 0, '', '', 0, '', 0, 39, 12, '', 200),
(1924, '0000-00-00 00:00:00', '0000-00-00 00:00:00', 0, 0, '', '', 0, '', 0, 39, 13, '', 210),
(1925, '0000-00-00 00:00:00', '0000-00-00 00:00:00', 0, 0, '', '', 0, '', 0, 39, 14, '', 220),
(1926, '0000-00-00 00:00:00', '0000-00-00 00:00:00', 0, 0, '', '', 0, '', 0, 39, 15, '', 230),
(1927, '0000-00-00 00:00:00', '0000-00-00 00:00:00', 0, 0, '', '', 0, '', 0, 39, 16, '', 240),
(1928, '0000-00-00 00:00:00', '0000-00-00 00:00:00', 0, 0, '', '', 0, '', 0, 39, 17, '', 250),
(1929, '0000-00-00 00:00:00', '0000-00-00 00:00:00', 0, 0, '', '', 0, '', 0, 39, 18, '', 260),
(1930, '0000-00-00 00:00:00', '0000-00-00 00:00:00', 0, 0, '', '', 0, '', 0, 39, 19, '', 270),
(1931, '0000-00-00 00:00:00', '0000-00-00 00:00:00', 0, 0, '', '', 0, '', 0, 39, 20, '', 40),
(1932, '0000-00-00 00:00:00', '0000-00-00 00:00:00', 0, 0, '', '', 0, '', 0, 39, 21, '', 50),
(1933, '0000-00-00 00:00:00', '0000-00-00 00:00:00', 0, 0, '', '', 0, '', 0, 39, 22, '', 60),
(1934, '0000-00-00 00:00:00', '0000-00-00 00:00:00', 0, 0, '', '', 0, '', 0, 39, 23, '', 70),
(1935, '0000-00-00 00:00:00', '0000-00-00 00:00:00', 0, 0, '', '', 0, '', 0, 39, 24, '', 80),
(1936, '0000-00-00 00:00:00', '0000-00-00 00:00:00', 0, 0, '', '', 0, '', 0, 39, 25, '', 90),
(1937, '0000-00-00 00:00:00', '0000-00-00 00:00:00', 0, 0, '', '', 0, '', 0, 39, 26, '', 100),
(1938, '0000-00-00 00:00:00', '0000-00-00 00:00:00', 0, 0, '', '', 0, '', 0, 39, 27, '', 110),
(1939, '0000-00-00 00:00:00', '0000-00-00 00:00:00', 0, 0, '', '', 0, '', 0, 39, 28, '', 120),
(1940, '0000-00-00 00:00:00', '0000-00-00 00:00:00', 0, 0, '', '', 0, '', 0, 39, 29, '', 130),
(1941, '0000-00-00 00:00:00', '0000-00-00 00:00:00', 0, 0, '', '', 0, '', 0, 39, 30, '', 140),
(1942, '0000-00-00 00:00:00', '0000-00-00 00:00:00', 0, 0, '', '', 0, '', 0, 39, 9, '', 170),
(1943, '0000-00-00 00:00:00', '0000-00-00 00:00:00', 0, 0, '', '', 0, '', 0, 39, 10, '', 180),
(1944, '0000-00-00 00:00:00', '0000-00-00 00:00:00', 0, 0, '', '', 0, '', 0, 39, 11, '', 190),
(1945, '0000-00-00 00:00:00', '0000-00-00 00:00:00', 0, 0, '', '', 0, '', 0, 39, 12, '', 200),
(1946, '0000-00-00 00:00:00', '0000-00-00 00:00:00', 0, 0, '', '', 0, '', 0, 39, 13, '', 210),
(1947, '0000-00-00 00:00:00', '0000-00-00 00:00:00', 0, 0, '', '', 0, '', 0, 39, 14, '', 220),
(1948, '0000-00-00 00:00:00', '0000-00-00 00:00:00', 0, 0, '', '', 0, '', 0, 39, 15, '', 230),
(1949, '0000-00-00 00:00:00', '0000-00-00 00:00:00', 0, 0, '', '', 0, '', 0, 39, 16, '', 240),
(1950, '0000-00-00 00:00:00', '0000-00-00 00:00:00', 0, 0, '', '', 0, '', 0, 39, 17, '', 250),
(1951, '0000-00-00 00:00:00', '0000-00-00 00:00:00', 0, 0, '', '', 0, '', 0, 39, 18, '', 260),
(1952, '0000-00-00 00:00:00', '0000-00-00 00:00:00', 0, 0, '', '', 0, '', 0, 39, 19, '', 270),
(1953, '0000-00-00 00:00:00', '0000-00-00 00:00:00', 0, 0, '', '', 0, '', 0, 39, 20, '', 40),
(1954, '0000-00-00 00:00:00', '0000-00-00 00:00:00', 0, 0, '', '', 0, '', 0, 39, 21, '', 50),
(1955, '0000-00-00 00:00:00', '0000-00-00 00:00:00', 0, 0, '', '', 0, '', 0, 39, 22, '', 60),
(1956, '0000-00-00 00:00:00', '0000-00-00 00:00:00', 0, 0, '', '', 0, '', 0, 39, 23, '', 70),
(1957, '0000-00-00 00:00:00', '0000-00-00 00:00:00', 0, 0, '', '', 0, '', 0, 39, 24, '', 80),
(1958, '0000-00-00 00:00:00', '0000-00-00 00:00:00', 0, 0, '', '', 0, '', 0, 39, 25, '', 90),
(1959, '0000-00-00 00:00:00', '0000-00-00 00:00:00', 0, 0, '', '', 0, '', 0, 39, 26, '', 100),
(1960, '0000-00-00 00:00:00', '0000-00-00 00:00:00', 0, 0, '', '', 0, '', 0, 39, 27, '', 110),
(1961, '0000-00-00 00:00:00', '0000-00-00 00:00:00', 0, 0, '', '', 0, '', 0, 39, 28, '', 120),
(1962, '0000-00-00 00:00:00', '0000-00-00 00:00:00', 0, 0, '', '', 0, '', 0, 39, 29, '', 130),
(1963, '0000-00-00 00:00:00', '0000-00-00 00:00:00', 0, 0, '', '', 0, '', 0, 39, 30, '', 140),
(1964, '0000-00-00 00:00:00', '0000-00-00 00:00:00', 0, 0, '', '', 0, '', 0, 39, 9, '', 170),
(1965, '0000-00-00 00:00:00', '0000-00-00 00:00:00', 0, 0, '', '', 0, '', 0, 39, 10, '', 180),
(1966, '0000-00-00 00:00:00', '0000-00-00 00:00:00', 0, 0, '', '', 0, '', 0, 39, 11, '', 190),
(1967, '0000-00-00 00:00:00', '0000-00-00 00:00:00', 0, 0, '', '', 0, '', 0, 39, 12, '', 200),
(1968, '0000-00-00 00:00:00', '0000-00-00 00:00:00', 0, 0, '', '', 0, '', 0, 39, 13, '', 210),
(1969, '0000-00-00 00:00:00', '0000-00-00 00:00:00', 0, 0, '', '', 0, '', 0, 39, 14, '', 220),
(1970, '0000-00-00 00:00:00', '0000-00-00 00:00:00', 0, 0, '', '', 0, '', 0, 39, 15, '', 230),
(1971, '0000-00-00 00:00:00', '0000-00-00 00:00:00', 0, 0, '', '', 0, '', 0, 39, 16, '', 240),
(1972, '0000-00-00 00:00:00', '0000-00-00 00:00:00', 0, 0, '', '', 0, '', 0, 39, 17, '', 250),
(1973, '0000-00-00 00:00:00', '0000-00-00 00:00:00', 0, 0, '', '', 0, '', 0, 39, 18, '', 260),
(1974, '0000-00-00 00:00:00', '0000-00-00 00:00:00', 0, 0, '', '', 0, '', 0, 39, 19, '', 270),
(1975, '0000-00-00 00:00:00', '0000-00-00 00:00:00', 0, 0, '', '', 0, '', 0, 39, 20, '', 40),
(1976, '0000-00-00 00:00:00', '0000-00-00 00:00:00', 0, 0, '', '', 0, '', 0, 39, 21, '', 50),
(1977, '0000-00-00 00:00:00', '0000-00-00 00:00:00', 0, 0, '', '', 0, '', 0, 39, 22, '', 60),
(1978, '0000-00-00 00:00:00', '0000-00-00 00:00:00', 0, 0, '', '', 0, '', 0, 39, 23, '', 70),
(1979, '0000-00-00 00:00:00', '0000-00-00 00:00:00', 0, 0, '', '', 0, '', 0, 39, 24, '', 80),
(1980, '0000-00-00 00:00:00', '0000-00-00 00:00:00', 0, 0, '', '', 0, '', 0, 39, 25, '', 90),
(1981, '0000-00-00 00:00:00', '0000-00-00 00:00:00', 0, 0, '', '', 0, '', 0, 39, 26, '', 100),
(1982, '0000-00-00 00:00:00', '0000-00-00 00:00:00', 0, 0, '', '', 0, '', 0, 39, 27, '', 110),
(1983, '0000-00-00 00:00:00', '0000-00-00 00:00:00', 0, 0, '', '', 0, '', 0, 39, 28, '', 120),
(1984, '0000-00-00 00:00:00', '0000-00-00 00:00:00', 0, 0, '', '', 0, '', 0, 39, 29, '', 130),
(1985, '0000-00-00 00:00:00', '0000-00-00 00:00:00', 0, 0, '', '', 0, '', 0, 39, 30, '', 140),
(1986, '0000-00-00 00:00:00', '0000-00-00 00:00:00', 0, 0, '', '', 0, '', 0, 39, 9, '', 170),
(1987, '0000-00-00 00:00:00', '0000-00-00 00:00:00', 0, 0, '', '', 0, '', 0, 39, 10, '', 180),
(1988, '0000-00-00 00:00:00', '0000-00-00 00:00:00', 0, 0, '', '', 0, '', 0, 39, 11, '', 190),
(1989, '0000-00-00 00:00:00', '0000-00-00 00:00:00', 0, 0, '', '', 0, '', 0, 39, 12, '', 200),
(1990, '0000-00-00 00:00:00', '0000-00-00 00:00:00', 0, 0, '', '', 0, '', 0, 39, 13, '', 210),
(1991, '0000-00-00 00:00:00', '0000-00-00 00:00:00', 0, 0, '', '', 0, '', 0, 39, 14, '', 220),
(1992, '0000-00-00 00:00:00', '0000-00-00 00:00:00', 0, 0, '', '', 0, '', 0, 39, 15, '', 230),
(1993, '0000-00-00 00:00:00', '0000-00-00 00:00:00', 0, 0, '', '', 0, '', 0, 39, 16, '', 240),
(1994, '0000-00-00 00:00:00', '0000-00-00 00:00:00', 0, 0, '', '', 0, '', 0, 39, 17, '', 250),
(1995, '0000-00-00 00:00:00', '0000-00-00 00:00:00', 0, 0, '', '', 0, '', 0, 39, 18, '', 260),
(1996, '0000-00-00 00:00:00', '0000-00-00 00:00:00', 0, 0, '', '', 0, '', 0, 39, 19, '', 270),
(1997, '0000-00-00 00:00:00', '0000-00-00 00:00:00', 0, 0, '', '', 0, '', 0, 39, 20, '', 40),
(1998, '0000-00-00 00:00:00', '0000-00-00 00:00:00', 0, 0, '', '', 0, '', 0, 39, 21, '', 50),
(1999, '0000-00-00 00:00:00', '0000-00-00 00:00:00', 0, 0, '', '', 0, '', 0, 39, 22, '', 60),
(2000, '0000-00-00 00:00:00', '0000-00-00 00:00:00', 0, 0, '', '', 0, '', 0, 39, 23, '', 70),
(2001, '0000-00-00 00:00:00', '0000-00-00 00:00:00', 0, 0, '', '', 0, '', 0, 39, 24, '', 80),
(2002, '0000-00-00 00:00:00', '0000-00-00 00:00:00', 0, 0, '', '', 0, '', 0, 39, 25, '', 90),
(2003, '0000-00-00 00:00:00', '0000-00-00 00:00:00', 0, 0, '', '', 0, '', 0, 39, 26, '', 100),
(2004, '0000-00-00 00:00:00', '0000-00-00 00:00:00', 0, 0, '', '', 0, '', 0, 39, 27, '', 110),
(2005, '0000-00-00 00:00:00', '0000-00-00 00:00:00', 0, 0, '', '', 0, '', 0, 39, 28, '', 120),
(2006, '0000-00-00 00:00:00', '0000-00-00 00:00:00', 0, 0, '', '', 0, '', 0, 39, 29, '', 130),
(2007, '0000-00-00 00:00:00', '0000-00-00 00:00:00', 0, 0, '', '', 0, '', 0, 39, 30, '', 140),
(2008, '0000-00-00 00:00:00', '0000-00-00 00:00:00', 0, 0, '', '', 0, '', 0, 39, 9, '', 170),
(2009, '0000-00-00 00:00:00', '0000-00-00 00:00:00', 0, 0, '', '', 0, '', 0, 39, 10, '', 180),
(2010, '0000-00-00 00:00:00', '0000-00-00 00:00:00', 0, 0, '', '', 0, '', 0, 39, 11, '', 190),
(2011, '0000-00-00 00:00:00', '0000-00-00 00:00:00', 0, 0, '', '', 0, '', 0, 39, 12, '', 200),
(2012, '0000-00-00 00:00:00', '0000-00-00 00:00:00', 0, 0, '', '', 0, '', 0, 39, 13, '', 210),
(2013, '0000-00-00 00:00:00', '0000-00-00 00:00:00', 0, 0, '', '', 0, '', 0, 39, 14, '', 220),
(2014, '0000-00-00 00:00:00', '0000-00-00 00:00:00', 0, 0, '', '', 0, '', 0, 39, 15, '', 230),
(2015, '0000-00-00 00:00:00', '0000-00-00 00:00:00', 0, 0, '', '', 0, '', 0, 39, 16, '', 240),
(2016, '0000-00-00 00:00:00', '0000-00-00 00:00:00', 0, 0, '', '', 0, '', 0, 39, 17, '', 250),
(2017, '0000-00-00 00:00:00', '0000-00-00 00:00:00', 0, 0, '', '', 0, '', 0, 39, 18, '', 260),
(2018, '0000-00-00 00:00:00', '0000-00-00 00:00:00', 0, 0, '', '', 0, '', 0, 39, 19, '', 270),
(2019, '0000-00-00 00:00:00', '0000-00-00 00:00:00', 0, 0, '', '', 0, '', 0, 39, 20, '', 40),
(2020, '0000-00-00 00:00:00', '0000-00-00 00:00:00', 0, 0, '', '', 0, '', 0, 39, 21, '', 50),
(2021, '0000-00-00 00:00:00', '0000-00-00 00:00:00', 0, 0, '', '', 0, '', 0, 39, 22, '', 60),
(2022, '0000-00-00 00:00:00', '0000-00-00 00:00:00', 0, 0, '', '', 0, '', 0, 39, 23, '', 70),
(2023, '0000-00-00 00:00:00', '0000-00-00 00:00:00', 0, 0, '', '', 0, '', 0, 39, 24, '', 80),
(2024, '0000-00-00 00:00:00', '0000-00-00 00:00:00', 0, 0, '', '', 0, '', 0, 39, 25, '', 90),
(2025, '0000-00-00 00:00:00', '0000-00-00 00:00:00', 0, 0, '', '', 0, '', 0, 39, 26, '', 100),
(2026, '0000-00-00 00:00:00', '0000-00-00 00:00:00', 0, 0, '', '', 0, '', 0, 39, 27, '', 110),
(2027, '0000-00-00 00:00:00', '0000-00-00 00:00:00', 0, 0, '', '', 0, '', 0, 39, 28, '', 120),
(2028, '0000-00-00 00:00:00', '0000-00-00 00:00:00', 0, 0, '', '', 0, '', 0, 39, 29, '', 130),
(2029, '0000-00-00 00:00:00', '0000-00-00 00:00:00', 0, 0, '', '', 0, '', 0, 39, 30, '', 140),
(2030, '0000-00-00 00:00:00', '0000-00-00 00:00:00', 0, 0, '', '', 0, '', 0, 39, 9, '', 170),
(2031, '0000-00-00 00:00:00', '0000-00-00 00:00:00', 0, 0, '', '', 0, '', 0, 39, 10, '', 180),
(2032, '0000-00-00 00:00:00', '0000-00-00 00:00:00', 0, 0, '', '', 0, '', 0, 39, 11, '', 190),
(2033, '0000-00-00 00:00:00', '0000-00-00 00:00:00', 0, 0, '', '', 0, '', 0, 39, 12, '', 200),
(2034, '0000-00-00 00:00:00', '0000-00-00 00:00:00', 0, 0, '', '', 0, '', 0, 39, 13, '', 210),
(2035, '0000-00-00 00:00:00', '0000-00-00 00:00:00', 0, 0, '', '', 0, '', 0, 39, 14, '', 220),
(2036, '0000-00-00 00:00:00', '0000-00-00 00:00:00', 0, 0, '', '', 0, '', 0, 39, 15, '', 230),
(2037, '0000-00-00 00:00:00', '0000-00-00 00:00:00', 0, 0, '', '', 0, '', 0, 39, 16, '', 240),
(2038, '0000-00-00 00:00:00', '0000-00-00 00:00:00', 0, 0, '', '', 0, '', 0, 39, 17, '', 250),
(2039, '0000-00-00 00:00:00', '0000-00-00 00:00:00', 0, 0, '', '', 0, '', 0, 39, 18, '', 260),
(2040, '0000-00-00 00:00:00', '0000-00-00 00:00:00', 0, 0, '', '', 0, '', 0, 39, 19, '', 270),
(2041, '0000-00-00 00:00:00', '0000-00-00 00:00:00', 0, 0, '', '', 0, '', 0, 39, 20, '', 40),
(2042, '0000-00-00 00:00:00', '0000-00-00 00:00:00', 0, 0, '', '', 0, '', 0, 39, 21, '', 50),
(2043, '0000-00-00 00:00:00', '0000-00-00 00:00:00', 0, 0, '', '', 0, '', 0, 39, 22, '', 60),
(2044, '0000-00-00 00:00:00', '0000-00-00 00:00:00', 0, 0, '', '', 0, '', 0, 39, 23, '', 70),
(2045, '0000-00-00 00:00:00', '0000-00-00 00:00:00', 0, 0, '', '', 0, '', 0, 39, 24, '', 80),
(2046, '0000-00-00 00:00:00', '0000-00-00 00:00:00', 0, 0, '', '', 0, '', 0, 39, 25, '', 90),
(2047, '0000-00-00 00:00:00', '0000-00-00 00:00:00', 0, 0, '', '', 0, '', 0, 39, 26, '', 100),
(2048, '0000-00-00 00:00:00', '0000-00-00 00:00:00', 0, 0, '', '', 0, '', 0, 39, 27, '', 110),
(2049, '0000-00-00 00:00:00', '0000-00-00 00:00:00', 0, 0, '', '', 0, '', 0, 39, 28, '', 120),
(2050, '0000-00-00 00:00:00', '0000-00-00 00:00:00', 0, 0, '', '', 0, '', 0, 39, 29, '', 130),
(2051, '0000-00-00 00:00:00', '0000-00-00 00:00:00', 0, 0, '', '', 0, '', 0, 39, 30, '', 140),
(2052, '0000-00-00 00:00:00', '0000-00-00 00:00:00', 0, 0, '', '', 0, '', 0, 39, 9, '', 170),
(2053, '0000-00-00 00:00:00', '0000-00-00 00:00:00', 0, 0, '', '', 0, '', 0, 39, 10, '', 180),
(2054, '0000-00-00 00:00:00', '0000-00-00 00:00:00', 0, 0, '', '', 0, '', 0, 39, 11, '', 190),
(2055, '0000-00-00 00:00:00', '0000-00-00 00:00:00', 0, 0, '', '', 0, '', 0, 39, 12, '', 200),
(2056, '0000-00-00 00:00:00', '0000-00-00 00:00:00', 0, 0, '', '', 0, '', 0, 39, 13, '', 210),
(2057, '0000-00-00 00:00:00', '0000-00-00 00:00:00', 0, 0, '', '', 0, '', 0, 39, 14, '', 220),
(2058, '0000-00-00 00:00:00', '0000-00-00 00:00:00', 0, 0, '', '', 0, '', 0, 39, 15, '', 230),
(2059, '0000-00-00 00:00:00', '0000-00-00 00:00:00', 0, 0, '', '', 0, '', 0, 39, 16, '', 240),
(2060, '0000-00-00 00:00:00', '0000-00-00 00:00:00', 0, 0, '', '', 0, '', 0, 39, 17, '', 250),
(2061, '0000-00-00 00:00:00', '0000-00-00 00:00:00', 0, 0, '', '', 0, '', 0, 39, 18, '', 260),
(2062, '0000-00-00 00:00:00', '0000-00-00 00:00:00', 0, 0, '', '', 0, '', 0, 39, 19, '', 270),
(2063, '0000-00-00 00:00:00', '0000-00-00 00:00:00', 0, 0, '', '', 0, '', 0, 39, 21, '', 10),
(2064, '0000-00-00 00:00:00', '0000-00-00 00:00:00', 0, 0, '', '', 0, '', 0, 39, 22, '', 20),
(2065, '0000-00-00 00:00:00', '0000-00-00 00:00:00', 0, 0, '', '', 0, '', 0, 39, 23, '', 30),
(2066, '0000-00-00 00:00:00', '0000-00-00 00:00:00', 0, 0, '', '', 0, '', 0, 39, 24, '', 40),
(2067, '0000-00-00 00:00:00', '0000-00-00 00:00:00', 0, 0, '', '', 0, '', 0, 39, 25, '', 50),
(2068, '0000-00-00 00:00:00', '0000-00-00 00:00:00', 0, 0, '', '', 0, '', 0, 39, 26, '', 60),
(2069, '0000-00-00 00:00:00', '0000-00-00 00:00:00', 0, 0, '', '', 0, '', 0, 39, 27, '', 70),
(2070, '0000-00-00 00:00:00', '0000-00-00 00:00:00', 0, 0, '', '', 0, '', 0, 39, 28, '', 80),
(2071, '0000-00-00 00:00:00', '0000-00-00 00:00:00', 0, 0, '', '', 0, '', 0, 39, 29, '', 90),
(2072, '0000-00-00 00:00:00', '0000-00-00 00:00:00', 0, 0, '', '', 0, '', 0, 39, 30, '', 100),
(2073, '0000-00-00 00:00:00', '0000-00-00 00:00:00', 0, 0, '', '', 0, '', 0, 35, 20, '', 10),
(2074, '2016-08-17 16:01:57', '2016-08-17 16:01:59', 0, 0, '', '', 0, '', 0, 35, 21, '选择结构的程序设计', 20),
(2075, '0000-00-00 00:00:00', '0000-00-00 00:00:00', 0, 0, '', '', 0, '', 0, 35, 22, '', 30),
(2076, '0000-00-00 00:00:00', '0000-00-00 00:00:00', 0, 0, '', '', 0, '', 0, 35, 23, '', 40),
(2077, '0000-00-00 00:00:00', '0000-00-00 00:00:00', 0, 0, '', '', 0, '', 0, 35, 24, '', 50),
(2078, '0000-00-00 00:00:00', '0000-00-00 00:00:00', 0, 0, '', '', 0, '', 0, 9, 23, '', 10),
(2079, '0000-00-00 00:00:00', '2016-08-17 18:33:56', 0, 0, '平均', '', 0, '不显示', 0, 41, 20, 'C语言结构与语言环境', 10),
(2080, '0000-00-00 00:00:00', '0000-00-00 00:00:00', 0, 0, '', '', 0, '', 0, 41, 23, '算法过程模拟——真假话问题的算法设计', 20),
(2081, '0000-00-00 00:00:00', '0000-00-00 00:00:00', 0, 0, '', '', 0, '', 0, 41, 21, '选择结构的程序设计', 30),
(2082, '0000-00-00 00:00:00', '0000-00-00 00:00:00', 0, 0, '', '', 0, '', 0, 41, 22, '循环结构的程序设计', 40),
(2083, '0000-00-00 00:00:00', '0000-00-00 00:00:00', 0, 0, '', '', 0, '', 0, 41, 20, 'C语言结构与语言环境', 10),
(2084, '0000-00-00 00:00:00', '0000-00-00 00:00:00', 0, 0, '', '', 0, '', 0, 41, 21, '选择结构的程序设计', 20),
(2085, '0000-00-00 00:00:00', '0000-00-00 00:00:00', 0, 0, '', '', 0, '', 0, 41, 22, '循环结构的程序设计', 30),
(2086, '0000-00-00 00:00:00', '0000-00-00 00:00:00', 0, 0, '', '', 0, '', 0, 41, 23, '算法过程模拟——真假话问题的算法设计', 40),
(2087, '0000-00-00 00:00:00', '0000-00-00 00:00:00', 0, 0, '', '', 0, '', 0, 41, 26, '汉诺塔问题原理模拟', 50),
(2088, '0000-00-00 00:00:00', '0000-00-00 00:00:00', 0, 0, '', '', 0, '', 0, 41, 24, '数组的存储原理仿真', 60),
(2089, '0000-00-00 00:00:00', '0000-00-00 00:00:00', 0, 0, '', '', 0, '', 0, 41, 25, '', 70),
(2090, '0000-00-00 00:00:00', '0000-00-00 00:00:00', 0, 0, '', '', 0, '', 0, 41, 21, '', 10),
(2091, '0000-00-00 00:00:00', '0000-00-00 00:00:00', 0, 0, '', '', 0, '', 0, 41, 22, '', 20),
(2092, '0000-00-00 00:00:00', '0000-00-00 00:00:00', 0, 0, '', '', 0, '', 0, 41, 26, '', 30),
(2093, '0000-00-00 00:00:00', '0000-00-00 00:00:00', 0, 0, '', '', 0, '', 0, 41, 23, '', 40),
(2094, '0000-00-00 00:00:00', '0000-00-00 00:00:00', 0, 0, '', '', 0, '', 0, 41, 24, '', 50),
(2095, '0000-00-00 00:00:00', '0000-00-00 00:00:00', 0, 0, '', '', 0, '', 0, 41, 25, '', 60),
(2096, '0000-00-00 00:00:00', '0000-00-00 00:00:00', 0, 0, '', '', 0, '', 0, 41, 27, '', 70),
(2097, '0000-00-00 00:00:00', '0000-00-00 00:00:00', 0, 0, '', '', 0, '', 0, 41, 28, '', 80),
(2098, '0000-00-00 00:00:00', '0000-00-00 00:00:00', 0, 0, '', '', 0, '', 0, 41, 21, '', 10),
(2099, '0000-00-00 00:00:00', '0000-00-00 00:00:00', 0, 0, '', '', 0, '', 0, 41, 22, '', 20),
(2100, '0000-00-00 00:00:00', '0000-00-00 00:00:00', 0, 0, '', '', 0, '', 0, 41, 26, '', 30),
(2101, '0000-00-00 00:00:00', '0000-00-00 00:00:00', 0, 0, '', '', 0, '', 0, 41, 23, '', 40),
(2102, '0000-00-00 00:00:00', '0000-00-00 00:00:00', 0, 0, '', '', 0, '', 0, 41, 24, '', 50),
(2103, '0000-00-00 00:00:00', '0000-00-00 00:00:00', 0, 0, '', '', 0, '', 0, 41, 25, '', 60),
(2104, '0000-00-00 00:00:00', '0000-00-00 00:00:00', 0, 0, '', '', 0, '', 0, 41, 27, '', 70),
(2105, '0000-00-00 00:00:00', '0000-00-00 00:00:00', 0, 0, '', '', 0, '', 0, 41, 28, '', 80),
(2106, '0000-00-00 00:00:00', '0000-00-00 00:00:00', 0, 0, '', '', 0, '', 0, 42, 21, '选择结构的程序设计', 10),
(2107, '0000-00-00 00:00:00', '0000-00-00 00:00:00', 0, 0, '', '', 0, '', 0, 42, 22, '循环结构的程序设计', 20),
(2108, '0000-00-00 00:00:00', '0000-00-00 00:00:00', 0, 0, '', '', 0, '', 0, 42, 23, '算法过程模拟——真假话问题的算法设计', 30),
(2109, '0000-00-00 00:00:00', '0000-00-00 00:00:00', 0, 0, '', '', 0, '', 0, 42, 24, '数组的存储原理仿真', 40),
(2110, '0000-00-00 00:00:00', '0000-00-00 00:00:00', 0, 0, '', '', 0, '', 0, 42, 25, '排序算法模拟', 50),
(2111, '0000-00-00 00:00:00', '0000-00-00 00:00:00', 0, 0, '', '', 0, '', 0, 42, 21, '选择结构的程序设计', 10),
(2112, '0000-00-00 00:00:00', '0000-00-00 00:00:00', 0, 0, '', '', 0, '', 0, 42, 22, '循环结构的程序设计', 20),
(2113, '0000-00-00 00:00:00', '0000-00-00 00:00:00', 0, 0, '', '', 0, '', 0, 42, 23, '算法过程模拟——真假话问题的算法设计', 30),
(2114, '0000-00-00 00:00:00', '0000-00-00 00:00:00', 0, 0, '', '', 0, '', 0, 42, 24, '数组的存储原理仿真', 40),
(2115, '0000-00-00 00:00:00', '0000-00-00 00:00:00', 0, 0, '', '', 0, '', 0, 42, 25, '排序算法模拟', 50),
(2116, '0000-00-00 00:00:00', '0000-00-00 00:00:00', 0, 0, '', '', 0, '', 0, 42, 21, '', 10),
(2117, '0000-00-00 00:00:00', '0000-00-00 00:00:00', 0, 0, '', '', 0, '', 0, 42, 22, '', 20),
(2118, '0000-00-00 00:00:00', '0000-00-00 00:00:00', 0, 0, '', '', 0, '', 0, 42, 23, '', 30),
(2119, '0000-00-00 00:00:00', '0000-00-00 00:00:00', 0, 0, '', '', 0, '', 0, 42, 24, '', 40),
(2120, '0000-00-00 00:00:00', '0000-00-00 00:00:00', 0, 0, '', '', 0, '', 0, 42, 25, '', 50),
(2121, '0000-00-00 00:00:00', '0000-00-00 00:00:00', 0, 0, '', '', 0, '', 0, 42, 21, '', 10),
(2122, '0000-00-00 00:00:00', '0000-00-00 00:00:00', 0, 0, '', '', 0, '', 0, 42, 22, '', 20),
(2123, '0000-00-00 00:00:00', '0000-00-00 00:00:00', 0, 0, '', '', 0, '', 0, 42, 23, '', 30),
(2124, '0000-00-00 00:00:00', '0000-00-00 00:00:00', 0, 0, '', '', 0, '', 0, 42, 24, '', 40),
(2125, '0000-00-00 00:00:00', '0000-00-00 00:00:00', 0, 0, '', '', 0, '', 0, 42, 25, '', 50),
(2126, '0000-00-00 00:00:00', '0000-00-00 00:00:00', 0, 0, '', '', 0, '', 0, 42, 22, '', 10),
(2127, '0000-00-00 00:00:00', '0000-00-00 00:00:00', 0, 0, '', '', 0, '', 0, 42, 23, '', 20),
(2128, '0000-00-00 00:00:00', '0000-00-00 00:00:00', 0, 0, '', '', 0, '', 0, 42, 24, '', 30),
(2129, '0000-00-00 00:00:00', '0000-00-00 00:00:00', 0, 0, '', '', 0, '', 0, 42, 25, '', 40);
INSERT INTO `coursesexperiment` (`id`, `starttime`, `endtime`, `score`, `count`, `scoringmode`, `timemode`, `islimittime`, `isshowscore`, `userid`, `coursesid`, `experimentsid`, `name`, `sort`) VALUES
(2130, '0000-00-00 00:00:00', '0000-00-00 00:00:00', 0, 0, '', '', 0, '', 0, 42, 26, '', 50),
(2131, '0000-00-00 00:00:00', '0000-00-00 00:00:00', 0, 0, '', '', 0, '', 0, 42, 27, '', 60),
(2132, '0000-00-00 00:00:00', '0000-00-00 00:00:00', 0, 0, '', '', 0, '', 0, 42, 28, '', 70),
(2133, '0000-00-00 00:00:00', '0000-00-00 00:00:00', 0, 0, '', '', 0, '', 0, 42, 29, '', 80),
(2134, '0000-00-00 00:00:00', '0000-00-00 00:00:00', 0, 0, '', '', 0, '', 0, 42, 30, '', 90),
(2135, '0000-00-00 00:00:00', '0000-00-00 00:00:00', 0, 0, '', '', 0, '', 0, 42, 22, '', 10),
(2136, '0000-00-00 00:00:00', '0000-00-00 00:00:00', 0, 0, '', '', 0, '', 0, 42, 23, '', 20),
(2137, '0000-00-00 00:00:00', '0000-00-00 00:00:00', 0, 0, '', '', 0, '', 0, 42, 24, '数组的存储原理仿真', 30),
(2138, '0000-00-00 00:00:00', '0000-00-00 00:00:00', 0, 0, '', '', 0, '', 0, 42, 25, '', 40),
(2139, '0000-00-00 00:00:00', '0000-00-00 00:00:00', 0, 0, '', '', 0, '', 0, 42, 26, '', 50),
(2140, '0000-00-00 00:00:00', '0000-00-00 00:00:00', 0, 0, '', '', 0, '', 0, 42, 27, '', 60),
(2141, '0000-00-00 00:00:00', '0000-00-00 00:00:00', 0, 0, '', '', 0, '', 0, 42, 28, '', 70),
(2142, '0000-00-00 00:00:00', '0000-00-00 00:00:00', 0, 0, '', '', 0, '', 0, 42, 29, '', 80),
(2143, '0000-00-00 00:00:00', '0000-00-00 00:00:00', 0, 0, '', '', 0, '', 0, 42, 30, '', 90),
(2144, '0000-00-00 00:00:00', '0000-00-00 00:00:00', 0, 0, '', '', 0, '', 0, 43, 22, '', 10),
(2145, '0000-00-00 00:00:00', '0000-00-00 00:00:00', 0, 0, '', '', 0, '', 0, 43, 23, '', 20),
(2146, '0000-00-00 00:00:00', '0000-00-00 00:00:00', 0, 0, '', '', 0, '', 0, 43, 24, '', 30),
(2147, '0000-00-00 00:00:00', '0000-00-00 00:00:00', 0, 0, '', '', 0, '', 0, 43, 25, '', 40),
(2148, '0000-00-00 00:00:00', '0000-00-00 00:00:00', 0, 0, '', '', 0, '', 0, 43, 26, '', 50),
(2149, '0000-00-00 00:00:00', '0000-00-00 00:00:00', 0, 0, '', '', 0, '', 0, 43, 27, '', 60),
(2150, '0000-00-00 00:00:00', '0000-00-00 00:00:00', 0, 0, '', '', 0, '', 0, 43, 28, '', 70);

-- --------------------------------------------------------

--
-- 表的结构 `coursesgroup`
--

CREATE TABLE IF NOT EXISTS `coursesgroup` (
  `id` int(11) NOT NULL AUTO_INCREMENT,
  `name` text NOT NULL,
  `uid` int(11) NOT NULL,
  `pid` int(11) NOT NULL,
  `path` varchar(255) NOT NULL,
  `status` int(11) NOT NULL,
  PRIMARY KEY (`id`)
) ENGINE=MyISAM  DEFAULT CHARSET=utf8 AUTO_INCREMENT=18 ;

--
-- 转存表中的数据 `coursesgroup`
--

INSERT INTO `coursesgroup` (`id`, `name`, `uid`, `pid`, `path`, `status`) VALUES
(1, '实验课', 0, 0, '0', 0),
(8, '大学计算机', 0, 1, '0,8', 0),
(7, 'C语言程序设计', 0, 1, '0,7', 0),
(6, '大学计算机应用基础', 0, 1, '0,6', 0),
(9, '计算机科学前沿', 0, 1, '1,9', 0),
(10, '计算机科学导论', 0, 1, '1,10', 0),
(11, '计算机硬件技术基础', 0, 1, '1,11', 0),
(12, '程序设计基础', 0, 1, '1,12', 0),
(13, '计算机仿真', 0, 1, '1,13', 0),
(14, '虚拟现实技术及应用', 0, 1, '1,14', 0),
(15, '网络信息安全', 0, 1, '1,15', 0),
(16, '数组', 0, 7, '0,7,16', 0),
(17, '名称', 0, 1, '0,17', 0);

-- --------------------------------------------------------

--
-- 表的结构 `coursesteacher`
--

CREATE TABLE IF NOT EXISTS `coursesteacher` (
  `id` int(11) NOT NULL AUTO_INCREMENT,
  `userid` int(11) NOT NULL,
  `coursesid` int(11) NOT NULL,
  `usertype` int(11) NOT NULL,
  PRIMARY KEY (`id`)
) ENGINE=MyISAM DEFAULT CHARSET=utf8 AUTO_INCREMENT=1 ;

-- --------------------------------------------------------

--
-- 表的结构 `coursesuser`
--

CREATE TABLE IF NOT EXISTS `coursesuser` (
  `id` int(11) NOT NULL,
  `coursesid` int(11) NOT NULL,
  `userid` int(11) NOT NULL,
  `experimentsid` int(11) NOT NULL
) ENGINE=MyISAM DEFAULT CHARSET=utf8;

-- --------------------------------------------------------

--
-- 表的结构 `experiments`
--

CREATE TABLE IF NOT EXISTS `experiments` (
  `id` int(11) NOT NULL AUTO_INCREMENT,
  `name` varchar(255) NOT NULL,
  `content` varchar(255) NOT NULL,
  `softfile` varchar(255) NOT NULL,
  `reportfile` varchar(255) NOT NULL,
  `userid` int(11) NOT NULL,
  `status` int(11) NOT NULL,
  `groupid` int(11) NOT NULL,
  `img` varchar(255) NOT NULL,
  `type` varchar(255) NOT NULL,
  `difficulty` varchar(255) NOT NULL,
  PRIMARY KEY (`id`),
  UNIQUE KEY `id` (`id`)
) ENGINE=MyISAM  DEFAULT CHARSET=utf8 AUTO_INCREMENT=45 ;

--
-- 转存表中的数据 `experiments`
--

INSERT INTO `experiments` (`id`, `name`, `content`, `softfile`, `reportfile`, `userid`, `status`, `groupid`, `img`, `type`, `difficulty`) VALUES
(32, '测试', 'userlist.php', 'experimentfile/prj.apk', '报告', 0, 1, 0, 'experimentimg/icon2.png', '演示型', '简单'),
(31, '测试', 'userlist.php', 'experimentfile/prj.apk', '报告', 0, 0, 0, 'experimentimg/icon2.png', '演示型', '简单'),
(9, '计算机硬件系统虚拟拆装', '', '', '', 0, 1, 8, '', '', ''),
(10, '数据表示与计算', '', '', '', 0, 0, 8, '', '', ''),
(11, '字符编码转换过程模拟', '', '', '', 0, 0, 8, '', '', ''),
(12, '磁盘文件管理', '', '', '', 0, 0, 8, '', '', ''),
(13, '网络通信过程仿真', '', '', '', 0, 0, 8, '', '', ''),
(14, '计算机病毒攻击过程模拟', '', '', '', 0, 0, 8, '', '', ''),
(15, '多媒体信息处理', '', '', '', 0, 0, 8, '', '', ''),
(16, '文字处理与编排', '', '', '', 0, 0, 8, '', '', ''),
(17, '电子表格处理', '', '', '', 0, 0, 8, '', '', ''),
(18, '幻灯片制作', '', '', '', 0, 0, 8, '', '', ''),
(19, '虚拟数据库操作', '', '', '', 0, 0, 8, '', '', ''),
(20, 'C语言结构与语言环境', '', '', '', 0, 0, 7, '', '', ''),
(21, '选择结构的程序设计', '', '', '', 0, 0, 7, '', '', ''),
(22, '循环结构的程序设计', '', '', '', 0, 0, 7, '', '', ''),
(23, '算法过程模拟——真假话问题的算法设计', '', '', '', 0, 0, 7, '', '', ''),
(24, '数组的存储原理仿真', '', '', '', 0, 0, 7, '', '', ''),
(25, '排序算法模拟', '', '', '', 0, 0, 7, '', '', ''),
(26, '汉诺塔问题原理模拟', '', '', '', 0, 0, 7, '', '', ''),
(27, '函数递归过程仿真——二分法查找法', '', '', '', 0, 0, 7, '', '', ''),
(28, '指针的程序设计', '', '', '', 0, 0, 7, '', '', ''),
(29, '结构的程序设计', '', '', '', 0, 0, 7, '', '', ''),
(30, '链表动态过程动画', '', '', '', 0, 0, 7, '', '', ''),
(33, '测试', 'userlist.php', 'experimentfile/prj.apk', '报告', 0, 0, 0, 'experimentimg/icon2.png', '演示型', '简单'),
(34, '测试1', '测试1', 'experimentfile/icon.png', '测试1', 0, 0, 0, 'experimentimg/icon.png', '演示型', '一般'),
(35, '测试1', '测试1', 'experimentfile/icon.png', '测试1', 0, 0, 0, 'experimentimg/icon.png', '演示型', '一般'),
(36, '测试1', '测试1', 'experimentfile/icon.png', '测试1', 0, 0, 0, 'experimentimg/icon.png', '演示型', '一般'),
(37, '测试1', '测试1', 'experimentfile/icon.png', '测试1', 0, 0, 0, 'experimentimg/icon.png', '演示型', '一般'),
(38, '测试1', '测试1', 'experimentfile/icon.png', '测试1', 0, 0, 0, 'experimentimg/icon.png', '演示型', '一般'),
(39, '测试1', '测试1', 'experimentfile/icon.png', '测试1', 0, 0, 0, 'experimentimg/icon.png', '演示型', '一般'),
(40, '测试1', '测试1', 'experimentfile/icon.png', '测试1', 0, 0, 0, 'experimentimg/icon.png', '演示型', '一般'),
(41, '测试234', '测试224', '', '测试222', 0, 0, 1, '', '演示型', '一般'),
(42, '105', '155', 'experimentfile/', '555', 0, 1, 0, 'experimentimg/', '演示型', '难'),
(43, '2', '3', '', '4', 0, 1, 6, '', '演示型', '简单'),
(44, '3', '3', 'experimentfile/', '3', 0, 0, 7, 'experimentimg/', '演示型', '一般');

-- --------------------------------------------------------

--
-- 表的结构 `experimentsgroup`
--

CREATE TABLE IF NOT EXISTS `experimentsgroup` (
  `id` int(11) NOT NULL AUTO_INCREMENT,
  `name` text NOT NULL,
  `uid` int(11) NOT NULL,
  `pid` int(11) NOT NULL,
  `path` varchar(255) NOT NULL,
  `status` int(11) NOT NULL,
  PRIMARY KEY (`id`)
) ENGINE=MyISAM  DEFAULT CHARSET=utf8 AUTO_INCREMENT=17 ;

--
-- 转存表中的数据 `experimentsgroup`
--

INSERT INTO `experimentsgroup` (`id`, `name`, `uid`, `pid`, `path`, `status`) VALUES
(1, '实验课', 0, 0, '0', 0),
(8, '大学计算机', 0, 1, '0,8', 0),
(7, 'C语言程序设计', 0, 1, '0,7', 0),
(6, '大学计算机应用基础', 0, 1, '0,6', 0),
(9, '计算机科学前沿', 0, 1, '1,9', 0),
(10, '计算机科学导论', 0, 1, '1,10', 0),
(11, '计算机硬件技术基础', 0, 1, '1,11', 0),
(12, '程序设计基础', 0, 1, '1,12', 0),
(13, '计算机仿真', 0, 1, '1,13', 0),
(14, '虚拟现实技术及应用', 0, 1, '1,14', 0),
(15, '网络信息安全', 0, 1, '1,15', 0),
(16, '数组', 0, 7, '0,7,16', 0);

-- --------------------------------------------------------

--
-- 表的结构 `mooc`
--

CREATE TABLE IF NOT EXISTS `mooc` (
  `id` int(11) NOT NULL AUTO_INCREMENT,
  `name` varchar(255) NOT NULL,
  `url` varchar(255) NOT NULL,
  PRIMARY KEY (`id`)
) ENGINE=MyISAM  DEFAULT CHARSET=utf8 AUTO_INCREMENT=5 ;

--
-- 转存表中的数据 `mooc`
--

INSERT INTO `mooc` (`id`, `name`, `url`) VALUES
(1, '不需要', ''),
(2, '爱课程', ''),
(3, '学堂在线', ''),
(4, '慕课大学', '');

-- --------------------------------------------------------

--
-- 表的结构 `mooccourse`
--

CREATE TABLE IF NOT EXISTS `mooccourse` (
  `name` varchar(255) NOT NULL,
  `id` int(11) NOT NULL AUTO_INCREMENT,
  `content` varchar(255) NOT NULL,
  `img` varchar(255) NOT NULL,
  PRIMARY KEY (`id`)
) ENGINE=InnoDB DEFAULT CHARSET=latin1 AUTO_INCREMENT=1 ;

-- --------------------------------------------------------

--
-- 表的结构 `school`
--

CREATE TABLE IF NOT EXISTS `school` (
  `id` int(11) NOT NULL,
  `img` int(255) NOT NULL,
  PRIMARY KEY (`id`)
) ENGINE=InnoDB DEFAULT CHARSET=latin1;

-- --------------------------------------------------------

--
-- 表的结构 `userexperimenttoken`
--

CREATE TABLE IF NOT EXISTS `userexperimenttoken` (
  `id` int(11) NOT NULL,
  `token` varchar(255) NOT NULL,
  `createtime` datetime NOT NULL,
  `userid` int(11) NOT NULL,
  `experimentsid` int(11) NOT NULL,
  `feeuserid` int(11) NOT NULL,
  `counter` int(11) NOT NULL,
  `teacheruserid` int(11) NOT NULL,
  `coursesid` int(11) NOT NULL,
  `type` int(11) NOT NULL
) ENGINE=MyISAM DEFAULT CHARSET=utf8;

--
-- 转存表中的数据 `userexperimenttoken`
--

INSERT INTO `userexperimenttoken` (`id`, `token`, `createtime`, `userid`, `experimentsid`, `feeuserid`, `counter`, `teacheruserid`, `coursesid`, `type`) VALUES
(0, '0dd1bc7aa3746b436c438e5ec59f3f4e1f185aade02994fb8f3ed6887c1825f5fab8745d', '2016-07-08 21:19:20', 1, 0, 0, 0, 0, 0, 2),
(0, 'cbcb90d265870a5c33b6766dc42d7e9111ecb4c6713cacc255b2866fabd3146132112967', '2016-07-08 21:19:20', 1, 0, 0, 0, 0, 0, 2),
(0, 'd6f364922395eea93cce82532f78315282153322d3ef2e2e91052c940f39b641c1d77ba4', '2016-07-08 21:19:22', 1, 0, 0, 0, 0, 0, 4),
(0, 'ce5287ffffd2f7e66061581501254a1be1eaab1bd8a63005bbf2cbbaf8e5fd446ac3057c', '2016-07-08 21:21:59', 0, 0, 0, 0, 0, 0, 0),
(0, '32dfed64589a06d7222073283d8d9a709a31cb4b9759236aa58b76b202ad5e48eafcb223', '2016-07-08 21:22:01', 0, 0, 0, 0, 0, 0, 7),
(0, '55768384ee7cd18c20be90deac47bab48aec0c5d08e64fa2a739ce51339897c7b253bf18', '2016-07-08 21:28:52', 0, 0, 0, 0, 0, 0, 1),
(0, '1638de673909d94b3fadeb79ed2206050a35ee6c095207f461e42319d66fa345f34e8b56', '2016-07-08 21:29:10', 0, 0, 0, 0, 0, 0, 3),
(0, '4b7d3448482fdcb97a0af52a095af6c811b8d150e9302e9d27d20baaf4e84d3dfe2dadb1', '2016-07-08 21:41:56', 0, 0, 0, 0, 0, 0, 0),
(0, '78c9b9acc4c67ce50fb212f202f519abc2383ad7335037ac33103571633445bc092013a7', '2016-07-08 21:42:07', 0, 0, 0, 0, 0, 0, 3),
(0, '040fc91aeabe8b8f660e5bfda6c3fe547ed0e25bf6a2816dca7fad35fcad66dde2c8471c', '2016-07-08 21:42:25', 0, 0, 0, 0, 0, 0, 5),
(0, 'ea3f0fe82eea11a53726b4561d9f8ea687590063deddfceba937fc105f48c924f4ce4301', '2016-07-08 22:09:02', 0, 0, 0, 0, 0, 0, 2),
(0, '87f06c69e9b523c8c479ad40362c8ad0e08431f737dbc69953b2d49e0813cfef298b62f1', '2016-07-08 22:09:07', 0, 0, 0, 0, 0, 0, 2),
(0, '6d019f7b3025a2bd4df7bbaa88fc90d8c226ca3a430cc6a6b5692a3e98e2e8b93e44b1f8', '2016-07-08 22:09:16', 0, 0, 0, 0, 0, 0, 0),
(0, 'a774bc0e3451786b996990a279cb377f1bde7ad7c68e31ddc671ca3290c6e1eab7029754', '2016-07-08 22:09:33', 0, 0, 0, 0, 0, 0, 7),
(0, '50d655c4f57f8017aa2df624ccc3fe441ad48992c16746be96864276ae27e4b6ee6154f4', '2016-07-08 22:10:14', 0, 0, 0, 0, 0, 0, 1),
(0, '18d9b03172ec59389f9d907f101e858af2239bfb525640c2dd6d692011c39c0f9bf2954a', '2016-07-08 22:10:36', 0, 0, 0, 0, 0, 0, 3),
(0, '1ce5486bb15238ec2474ff5151fd0774a089a841becff5d51187ed6d52418a191539a4a2', '2016-07-08 22:12:50', 0, 0, 0, 0, 0, 0, 1),
(0, '5aa04592364006e1b9246d4620fd5d1846d701dbe559b9902749543e5667f6259c90f033', '2016-07-08 22:17:12', 0, 0, 0, 0, 0, 0, 4),
(0, '25481f1a5dac5c93f13b84368f3ecff44f04551b9c8f3bbe085f0e870ed0c1a4dd348da2', '2016-07-08 22:17:47', 0, 0, 0, 0, 0, 0, 5),
(0, '7d24fc6c52485c8fe60b1eef41f6415eead9531783cf4dfd49f4cc1387b4ac7e30180aa3', '2016-07-08 22:40:12', 0, 0, 0, 0, 0, 0, 7),
(0, '48207f3a42772f4fcf67b12e6d3e26c24cc800d51860e5ec11585a8abee5939f5bf8c43a', '2016-07-08 22:40:32', 0, 0, 0, 0, 0, 0, 4),
(0, 'fd53c865462701ea9c64db222bd4665fd38e69d0f69884d15f3b1ba933c7fba0375573e3', '2016-07-08 22:41:00', 0, 0, 0, 0, 0, 0, 0),
(0, 'f984318468577eeffd3902f7dd1a065d94cf51deb7fad39f5486402061fd55dc09d747be', '2016-07-08 22:41:42', 0, 0, 0, 0, 0, 0, 7),
(0, 'e14dd7cf7b85dc21f3f766ce2dff33c0c1068cbcd40b4de649e34d6b2ef0fbda832a57e9', '2016-07-08 22:41:59', 0, 0, 0, 0, 0, 0, 5),
(0, '938eb1bf8e8a0c340c8363997498ec5bdec73f7a51c9958632233b471ba957ddf0716ceb', '2016-07-08 22:45:47', 0, 0, 0, 0, 0, 0, 3),
(0, '2359d6c86637e526565ec02cd47a8639ef6ffc50402bad22d2fdb947f7f983bb9697c63e', '2016-07-08 22:46:02', 0, 0, 0, 0, 0, 0, 1),
(0, 'b9426c43978d8d52bcac50242f795d9e7610e2cf6ef70eeaf7a9d2b57a7058cc75d54eb4', '2016-07-08 22:46:27', 0, 0, 0, 0, 0, 0, 7),
(0, '7b1b59012178e805962bb858c32e5c530d01a8f6cf0e8f7fd110d6d151016ddd943be0f4', '2016-07-08 22:46:40', 0, 0, 0, 0, 0, 0, 4),
(0, '341bf65e6dab7a20548144b71912ffacfaaeb9cf1e66476f623ed4edc75368d32c5b2150', '2016-07-08 22:47:30', 0, 0, 0, 0, 0, 0, 7),
(0, 'dba56ceace5bcd25d2a09ec47e49a775c5b7e830ba65de07874a860c9b60d15e25e5f60e', '2016-07-08 22:47:36', 0, 0, 0, 0, 0, 0, 0),
(0, 'cc0ef4f452c6250f06d867306a48391a9d5000d41b61de5258ea093b5c2eb46d8002191a', '2016-07-08 22:47:44', 0, 0, 0, 0, 0, 0, 0),
(0, '98e492a3f503138bb3ec6babea5145471b182b48ad6c9bf1e9e216033b9b84ee0506e087', '2016-07-08 22:48:22', 0, 0, 0, 0, 0, 0, 6),
(0, '12237120a19151612756cb134ccc56691b9f2b8bff26607591bf4d408f590bfb0087279f', '2016-07-08 22:48:45', 0, 0, 0, 0, 0, 0, 0),
(0, 'a108347ead01627d8f6e1bfe567854591c6b90d99a066092bacb5f99415f8b7cb14f6674', '2016-07-08 22:49:19', 0, 0, 0, 0, 0, 0, 3),
(0, '7bfa249bbfac3b818c60b603865f5a71b1a7d51143e32282a9cea0e51a8aa92be801d2c2', '2016-07-08 22:49:48', 0, 0, 0, 0, 0, 0, 6),
(0, '774ba33c9916016dfb64e95ea8a69a4645b112432fbe6119e126ecf7feebbd528ab2e5cd', '2016-07-08 22:49:50', 0, 0, 0, 0, 0, 0, 3),
(0, 'ac83e8f96dcdb05b7428329988247e763bfa890cc52c582b68f78eb1f66dfd923320c27f', '2016-07-08 22:49:53', 0, 0, 0, 0, 0, 0, 1),
(0, 'b0916a8293c92c1c0ec8c19eb5a242f429229518904e38fcaad89bb8f4ea559324c5d0b1', '2016-07-08 22:50:54', 0, 0, 0, 0, 0, 0, 3),
(0, '612e3ac297119fef96e6516282471762b364149efe839612e25827f35bcb5e880e0db63c', '2016-07-08 22:52:55', 0, 0, 0, 0, 0, 0, 1),
(0, 'a5e0182872cd364e5ed923add63acbd93e2242b626c1a512c785ae4089906ba3d60a5a95', '2016-07-08 22:53:26', 0, 0, 0, 0, 0, 0, 2),
(0, 'e454bf5a2027dfd274117fe7d44fd6941081e56fc5a098734c34a5278304670f4776f5be', '2016-07-08 22:53:35', 0, 0, 0, 0, 0, 0, 1),
(0, 'ee9ea0e587e3382a403fac8110f5eec0e0b8f630481a8ec1259ac0b7be674575bba988c4', '2016-07-08 22:53:45', 0, 0, 0, 0, 0, 0, 7),
(0, '762892f3884e81c69c8288b6d1278a7ca21002fcfade188ad717e6af787ff6b18d364713', '2016-07-08 22:53:47', 0, 0, 0, 0, 0, 0, 2),
(0, 'b79acc176b9ac4806336078494e3ebd12a770307ab345c770882d1bbd2b22d4019d3e983', '2016-07-08 22:56:11', 0, 0, 0, 0, 0, 0, 5),
(0, '7db862843f1e0fca7fb507afadad87a1f45aae0d9c2276d1de8359f55639e44facbbda5a', '2016-07-08 22:56:30', 0, 0, 0, 0, 0, 0, 2),
(0, '4b2af9f470845fc38f726605f4938563e0b9a4882d777fdd7d16a69992b8931e7c24ac4b', '2016-07-08 22:59:29', 0, 0, 0, 0, 0, 0, 2),
(0, '14d86827d20bc340937eafd634812ec2e2a7a64b82698eda7e8aa4b0551148b7182f8af1', '2016-07-08 22:59:38', 0, 0, 0, 0, 0, 0, 7),
(0, 'da9c0819afbe09d2550a4c136981574eb7a3a8108c56213b0906424b506b78a18256e876', '2016-07-08 22:59:47', 0, 0, 0, 0, 0, 0, 0),
(0, '6d185df69f0b2b51392fc584e838e32e12bd3cb93c45dd3db5e199a3d3e67e13a0911278', '2016-07-08 23:00:33', 0, 0, 0, 0, 0, 0, 3),
(0, 'f790db5b1b58ad76cfdaa8b7aab276dbebdb873f82153e111573aadf92eba4ec18a6cc81', '2016-07-08 23:01:35', 0, 0, 0, 0, 0, 0, 0),
(0, '7ccec59130832e33324382adb143edbd5bde56849687208c14f51408ead901677a39bb7f', '2016-07-08 23:02:10', 0, 0, 0, 0, 0, 0, 1),
(0, '4f64a9a1ae922f353be8f49bddac2c4e43c5679b8f412be0093437cb204b939e282a7328', '2016-07-08 23:02:15', 0, 0, 0, 0, 0, 0, 5),
(0, '4def7f5bb43082e827f5a7f964e5698e76a2db0e8ea8089e3d7b19da54c9e45e52c43b4a', '2016-07-08 23:02:36', 0, 0, 0, 0, 0, 0, 3),
(0, '8ea860ae7d43dae44b74b420b124ac77f841465bb83a51e29831ec0f83cf800ce85a958a', '2016-07-08 23:02:40', 0, 0, 0, 0, 0, 0, 3),
(0, '0347e32c639a406a919a959a648c54af6aa014a3958b2642e4689b84837dbfdc847843aa', '2016-07-08 23:04:30', 0, 0, 0, 0, 0, 0, 2),
(0, '6b738ba9ea0a96f3172c9fbd573394db0092ea99111ec46c467cb62c11a5ef34d2b65dc2', '2016-07-08 23:05:50', 0, 0, 0, 0, 0, 0, 4),
(0, 'ce2792a7919dbb261b73651c79378c53c7c7aae2f5b029c6bdab9df593bc417bc86b1a61', '2016-07-08 23:06:16', 0, 0, 0, 0, 0, 0, 7),
(0, '96adfbed0323485856285f77ca58c99b9eb635ca610d12897f0f04289ea2cebf73760f35', '2016-07-09 09:51:46', 0, 0, 0, 0, 0, 0, 6),
(0, 'a6c4aad755f15daf115f586cc746be1714863d5def10dbd69531981cbbdafeb0adc5b2f5', '2016-07-09 09:51:51', 0, 0, 0, 0, 0, 0, 6),
(0, '88891eda1b30bb4f81de6b1edae2a35fd8078b6434a4a521a0ee0306c96d7026f27ea174', '2016-07-09 09:56:19', 0, 0, 0, 0, 0, 0, 1),
(0, '34db16db7e9f261c7bd4bee426d267d093e45b4d6c38de013c43f72f73eda4ad9ea197b5', '2016-07-09 09:57:15', 0, 0, 0, 0, 0, 0, 5),
(0, 'df615a8d6e607443531c8334a88a63cba3ab600d4e750481a1c8715569ddb14e1b48ae4a', '2016-07-09 10:18:20', 0, 0, 0, 0, 0, 0, 7),
(0, 'b6e2244133fb297ff6beb317ac334e0046ef5319c8d6adfc373b9bde958e2f2048ef8288', '2016-07-09 10:18:42', 0, 0, 0, 0, 0, 0, 7),
(0, '4ce498556071247212ba133e4da20a40eec5ff6e851eaa841de3a537adf3d170187cb6e3', '2016-07-09 10:19:22', 0, 0, 0, 0, 0, 0, 0),
(0, '17bd35b220ab1e79537e8263a7c892eb89760d5ebe4287d91067efd4551b20862e9ad785', '2016-07-09 10:20:59', 0, 0, 0, 0, 0, 0, 0),
(0, '9caa3af6c2871f74b3a5187455cc8cb85927ef567611c148b1d41c0c6151624d13165dec', '2016-07-09 10:33:29', 0, 0, 0, 0, 0, 0, 4),
(0, '92e2b2ac9b7a301ae841bc7ab5205ca3f2c1336adfd342a87b3384689f189202dfa41489', '2016-07-09 10:33:34', 0, 0, 0, 0, 0, 0, 1),
(0, 'd2e0e52d331d1bbcc90bd5c22e7f628c242fb7c1f2fe3ab2ecf7601018b5df846c3392bd', '2016-07-09 10:33:45', 0, 0, 0, 0, 0, 0, 2),
(0, 'd9154f827e56421b4de9d075d724eb084a2f9db2af60173df8235ef0faafde6e79ef5981', '2016-07-09 10:34:20', 0, 0, 0, 0, 0, 0, 1),
(0, '77ef64b51fcb3b46126d3b8779228eaefe0f901149a683d170e8099dedb4cc258463f5e3', '2016-07-09 10:34:43', 0, 0, 0, 0, 0, 0, 4),
(0, 'cdd4b8b56658a886c7929636fbcd323e3fcca7aee92c98773ce8d8153771dec2781b3995', '2016-07-09 10:36:45', 0, 0, 0, 0, 0, 0, 2),
(0, '7cae2a999c0b2cd6371d3c336a50d1e1c107d0a9fae57f3c922c09496fae86321b1d6ded', '2016-07-09 10:49:41', 0, 0, 0, 0, 0, 0, 6),
(0, '5d410ac4f58a79637706c7890404d230f08004fca588a6926507f903416b69f350541ecd', '2016-07-09 16:44:10', 0, 0, 0, 0, 0, 0, 4),
(0, '5241eb9bbf2a0f428ffdc987a13a8f8871a030f4a9aee14e72218289be48c6bec69764c5', '2016-07-09 16:44:21', 0, 0, 0, 0, 0, 0, 0),
(0, 'cc7720c6059accffadd93a71e56fca3397193b109920f6fac93798f33a582c32265273a8', '2016-07-09 16:44:26', 0, 0, 0, 0, 0, 0, 1),
(0, 'a74ee5362e39c4da6596f1f86dd00878b0161b1bafa1255f077d4438241810a01b3c15ed', '2016-07-09 16:44:32', 0, 0, 0, 0, 0, 0, 5),
(0, '8f808bfd717fb1eacda916ff6c190959331c120da1877ad9362ac4506aa043870d091375', '2016-07-09 16:46:12', 0, 0, 0, 0, 0, 0, 2),
(0, '7407e6a733b3144a8260315df9934938bc56cf84ff7a1a197047e063d14a6e860ec03874', '2016-07-09 16:46:15', 0, 0, 0, 0, 0, 0, 4),
(0, '17cedc8c5fd14db75e8ee7c7faeb2019d2a34cc3575a0198344e7babf132b85be2227d33', '2016-07-09 16:46:19', 0, 0, 0, 0, 0, 0, 2),
(0, 'aaaf2be814164d400f8b9e70f83e42f5a72818f16020dd66e56500cee85bcf2708bf0ecd', '2016-07-09 16:46:43', 0, 0, 0, 0, 0, 0, 1),
(0, '0e0f950da876428230b93136bcbc497d1f16f728f80456c1e0f8afe9400872c5bbe5b384', '2016-07-09 16:47:05', 0, 0, 0, 0, 0, 0, 1),
(0, '7515ad451168279bb500fd0b512041e26e4d80c900ab2b047181c700230acca566b493d3', '2016-07-09 16:47:23', 0, 0, 0, 0, 0, 0, 4),
(0, '6154736e72a7bd110af92878e1eb04280c0bf6d787b630899d5528d28207a78f352c9d43', '2016-07-09 16:47:28', 0, 0, 0, 0, 0, 0, 5),
(0, '7ecb695429966015465267b838c2a78f796be44a77be7ff6551c88aac80f3496d1a5c7ea', '2016-07-09 16:47:33', 0, 0, 0, 0, 0, 0, 0),
(0, '997e20753dd554a542b41d0f63e3a85cc16c56d640772699019197e5256cee32d7f0d284', '2016-07-09 16:47:37', 0, 0, 0, 0, 0, 0, 0),
(0, '3941060eeabcb0578d936dffc1d88ac14fce48d4b8af1dbf5b9ac862ffae39d27fc7a645', '2016-07-09 16:47:56', 0, 0, 0, 0, 0, 0, 1),
(0, 'a6c2ec667c39bf05bcfa0b0296379f4f421fc704a8f8b655c0651314ebae44adc64e2ebf', '2016-07-09 16:47:58', 0, 0, 0, 0, 0, 0, 2),
(0, '5de55a35b7a58b3ab7dc5a8439efae483ff0dbaaf207aba9005488b6acd0c8bb4be60b56', '2016-07-09 16:47:58', 0, 0, 0, 0, 0, 0, 3),
(0, 'c24cca29facc6a873ffa530997db6ce27de2b798190c64d5109269d661cfed31536602c8', '2016-07-09 16:47:59', 0, 0, 0, 0, 0, 0, 0),
(0, 'de4a62e4f3fc083c0e5fe223c988757f448dd214e571a110aedb073c8a5622efda139e8c', '2016-07-09 16:52:03', 0, 0, 0, 0, 0, 0, 6),
(0, '3e1aa6b1828a806fb8faf4564f58d028ef37e9b27dc29f426f39824da29dd22abcec449d', '2016-07-09 16:52:22', 0, 0, 0, 0, 0, 0, 5),
(0, '422421b804ab4f7c9bcc98e516633ee1b3cdbd2da7b021633052c46c56c642e459a5f7f2', '2016-07-09 16:56:35', 1, 0, 0, 0, 0, 0, 4),
(0, '651e120e0e06399c7adda1c14a71fd7698568932a0682119c4ea67b2bceca4a69bbc124c', '2016-07-09 17:00:17', 0, 0, 0, 0, 0, 0, 7),
(0, '953e1a23e45c34db0a891bd1f63c788b0c80078ff569b1f3c1c738351fa6aceef4f93367', '2016-07-09 17:00:29', 0, 0, 0, 0, 0, 0, 2),
(0, '8128f025b6bb1558f324828c9f8a1961c18c8cd1409934158e1bd027836c43e5eb536df5', '2016-07-09 17:00:45', 0, 0, 0, 0, 0, 0, 4),
(0, '864669d7c5c41240c9a70563cef389f5e1cb0bec20b1bccdd678550684398c9885ae4661', '2016-07-09 17:00:48', 0, 0, 0, 0, 0, 0, 7),
(0, 'ab41fc52e071bbd74f249f90898e49e2f5306e0c077394357a150ca82422bda98ba89637', '2016-07-09 17:01:01', 0, 0, 0, 0, 0, 0, 0),
(0, '94c7b0d49ccaca205c8c88d2901f1a1778d943ac1d61cd71e7a6a099ac645bd2d85c4410', '2016-07-09 17:11:18', 0, 0, 0, 0, 0, 0, 5),
(0, '173397221f2b1fd1d61bf42e7ecbbbfee51716aaaa286038ee0fe075c0adebdcf40e43ad', '2016-07-09 17:11:26', 0, 0, 0, 0, 0, 0, 5),
(0, '82023d84c82e8b2e948c03dae9b4e841c3a470d741714efbbf148a24cbb7a91375f9901d', '2016-08-08 14:48:52', 1, 0, 0, 0, 0, 0, 5),
(0, '43a5b90fd117f25e9dbe6a10a1b37f95b70621b857426a8f9f0945fc141e380b04e8a560', '2016-08-08 15:53:39', 1, 0, 0, 0, 0, 0, 6),
(0, '5ffb7d782315c5572cde74f2b485e46f3d04396fde452073501fe694ff66f373f420afea', '2016-08-08 15:53:45', 1, 0, 0, 0, 0, 0, 6),
(0, 'a57af4eca282b245c4d03b221db671f5d48316108a292259a33afc0be4f571712e18e917', '2016-08-08 15:53:55', 1, 0, 0, 0, 0, 0, 0),
(0, 'a58074aee43ccd99ad9c51130a3afde9c328f43a91049c46db6fcd215c1c88dcd01050e9', '2016-08-08 15:54:28', 1, 0, 0, 0, 0, 0, 0),
(0, '6131982a31a784947c6ca19042387acbda4a79edaa48946aa4d8dc072ac7fe84e86fcad0', '2016-08-08 15:59:10', 1, 0, 0, 0, 0, 0, 2),
(0, 'c508e0c986d37cfc4bd58cec7df378778cb4b1f0c2d14a309e23cc6c23df960d636c4f93', '2016-08-08 15:59:17', 1, 0, 0, 0, 0, 0, 5),
(0, 'f32357cf6125d4564dd6345b48162fc677e9bda4cdffc06e79d620fcba41ca853cabd03d', '2016-08-18 11:27:05', 1, 0, 0, 0, 0, 0, 4),
(0, '02e946c81ac6984aa590245d4ef32d0c782eb8cf5aacfbe8a1d9422f2d0229c15d14aa96', '2016-08-18 11:28:01', 1, 0, 0, 0, 0, 0, 7),
(0, 'cd73e32422f5651c16c40604efbae6c118a4da5e10c943c85c0dd664c12eea46a2e1807f', '2016-08-18 11:28:08', 1, 0, 0, 0, 0, 0, 4),
(0, '1f4cb99faf8fd442a4f9c188004d2020930d3c1527136c12a8705ca624cd1465ae63668d', '2016-08-18 11:30:06', 1, 0, 0, 0, 0, 0, 2),
(0, '897739168cd92b1e00b03c6f4b318c7f35362704454eb03a680c7b8f0b7e256c960c2b12', '2016-08-18 11:30:08', 1, 0, 0, 0, 0, 0, 4),
(0, '148e3172a26549ac57b8e883b2a2bb24d8333d615d7a01282cc058803b1871fa3584b6a9', '2016-08-18 11:30:10', 1, 0, 0, 0, 0, 0, 6),
(0, 'b5e89e96673e696c788dbc78aa36644fdd5584f562d29b83ed22343d9b6cacb4b5f41cdc', '2016-08-18 11:30:10', 1, 0, 0, 0, 0, 0, 5),
(0, '71666c6b31a8f9f7fdad4869c90580fa81f12dda4c437e5eeb8d7041efa45fa91d381fab', '2016-08-18 11:30:10', 1, 0, 0, 0, 0, 0, 3),
(0, '1793fcd96aa6a3df3b930d6b11c494410277e51d585f6113d6dedb04163767389ca0255e', '2016-08-18 11:30:10', 1, 0, 0, 0, 0, 0, 7),
(0, '33ab6ddd1d29c25b6a71d69cdae95bb3b4c3051970d6169ca865de307856371f866a41f1', '2016-08-18 11:30:16', 1, 0, 0, 0, 0, 0, 7),
(0, '78e87f97a38a7ac32dfb22935ee3aba074f0844ded7753c806dc1e67ed2bbeda0eec327f', '2016-08-18 15:13:27', 1, 0, 0, 0, 0, 0, 5),
(0, '4a184a7b14751375f622a334d3b08291810987c4d3ff2cdf2cdb79f32c3d2be83c987f7b', '2016-08-18 15:14:16', 1, 0, 0, 0, 0, 0, 4);

-- --------------------------------------------------------

--
-- 表的结构 `users`
--

CREATE TABLE IF NOT EXISTS `users` (
  `id` int(10) unsigned NOT NULL AUTO_INCREMENT,
  `nickname` varchar(255) COLLATE utf8_unicode_ci NOT NULL,
  `email` varchar(255) COLLATE utf8_unicode_ci NOT NULL,
  `password` varchar(60) COLLATE utf8_unicode_ci NOT NULL,
  `university` varchar(60) COLLATE utf8_unicode_ci NOT NULL,
  `college` varchar(60) COLLATE utf8_unicode_ci NOT NULL,
  `phonenumber` varchar(60) COLLATE utf8_unicode_ci NOT NULL,
  `truename` varchar(60) COLLATE utf8_unicode_ci NOT NULL,
  `remember_token` varchar(100) COLLATE utf8_unicode_ci DEFAULT NULL,
  `created_at` timestamp NULL DEFAULT NULL,
  `updated_at` timestamp NULL DEFAULT NULL,
  `pwd` varchar(255) COLLATE utf8_unicode_ci NOT NULL,
  `usertype` int(11) NOT NULL,
  `feeuserid` int(11) NOT NULL,
  `isfee` int(11) NOT NULL,
  `paytime` datetime NOT NULL,
  `endtime` datetime NOT NULL,
  `payquantity` int(11) NOT NULL,
  `used` int(11) NOT NULL,
  `status` int(11) NOT NULL,
  PRIMARY KEY (`id`),
  UNIQUE KEY `users_email_unique` (`email`)
) ENGINE=MyISAM  DEFAULT CHARSET=utf8 COLLATE=utf8_unicode_ci AUTO_INCREMENT=10 ;

--
-- 转存表中的数据 `users`
--

INSERT INTO `users` (`id`, `nickname`, `email`, `password`, `university`, `college`, `phonenumber`, `truename`, `remember_token`, `created_at`, `updated_at`, `pwd`, `usertype`, `feeuserid`, `isfee`, `paytime`, `endtime`, `payquantity`, `used`, `status`) VALUES
(1, 'Administrator', 'admin', '', '北京理工大学', '计算机学院', '13910036039', '管理员', NULL, '2016-07-06 04:22:29', NULL, 'admin', 3, 0, 1, '2016-08-18 00:45:35', '2016-08-19 00:00:00', 0, 0, 0),
(6, 'jiaowuchu', 'jiaowuchu', '202cb962ac59075b964b07152d234b70', '北京理工大学', '计算机学院', '13910036039', '1000', '', '0000-00-00 00:00:00', '0000-00-00 00:00:00', '123', 4, 0, 1, '0000-00-00 00:00:00', '0000-00-00 00:00:00', 0, 0, 0),
(7, '1', '1', '1', '3', '4', '6', '7', '', '0000-00-00 00:00:00', '0000-00-00 00:00:00', '1', 1, 0, 1, '0000-00-00 00:00:00', '0000-00-00 00:00:00', 0, 0, 0),
(8, '2', '2', 'd41d8cd98f00b204e9800998ecf8427e', '2', '2', '2', '2', '', '0000-00-00 00:00:00', '0000-00-00 00:00:00', '', 2, 6, 0, '0000-00-00 00:00:00', '0000-00-00 00:00:00', 0, 0, 0),
(9, '3', '3', '3', '3', '3', '3', '3', '', '0000-00-00 00:00:00', '0000-00-00 00:00:00', '3', 2, 6, 0, '0000-00-00 00:00:00', '0000-00-00 00:00:00', 0, 0, 0);

/*!40101 SET CHARACTER_SET_CLIENT=@OLD_CHARACTER_SET_CLIENT */;
/*!40101 SET CHARACTER_SET_RESULTS=@OLD_CHARACTER_SET_RESULTS */;
/*!40101 SET COLLATION_CONNECTION=@OLD_COLLATION_CONNECTION */;
